run_id,t,p_family,theta,alpha_star_chi_global,alpha_star_lambda2_global,alpha_star_wclust_global,alpha_coherent_global,coherence_score_global,alpha_star_chi_band,alpha_star_lambda2_band,alpha_star_wclust_band,alpha_coherent_band,coherence_score_band,chi_peak_value_global,lambda2_min_value_global,wclust_peak_value_global,chi_prominence_global,lambda2_prominence_global,wclust_prominence_global,delta_chi_lambda2_global,delta_chi_wclust_global,chi_peak_value_band,lambda2_min_value_band,wclust_peak_value_band,chi_prominence_band,lambda2_prominence_band,wclust_prominence_band,delta_chi_lambda2_band,delta_chi_wclust_band,preferred_scope,preferred_alpha_coherent,preferred_coherence_score,readout_in_band_flag,readout_label
M33_V0_alpha_peak_robustness,0.0,P0,1e-09,,,,,,,,,,,,,,,,,,,,,,,,,,,none,,,0,R0
M33_V0_alpha_peak_robustness,0.0,P0,3e-09,,,,,,,,,,,,,,,,,,,,,,,,,,,none,,,0,R0
M33_V0_alpha_peak_robustness,0.0,P0,1e-08,,,,,,,,,,,,,,,,,,,,,,,,,,,none,,,0,R0
M33_V0_alpha_peak_robustness,0.0,P1,1e-09,,,,,,,,,,,,,,,,,,,,,,,,,,,none,,,0,R0
M33_V0_alpha_peak_robustness,0.0,P1,3e-09,,,,,,,,,,,,,,,,,,,,,,,,,,,none,,,0,R0
M33_V0_alpha_peak_robustness,0.0,P1,1e-08,,,,,,,,,,,,,,,,,,,,,,,,,,,none,,,0,R0
M33_V0_alpha_peak_robustness,0.0,P2,1e-09,,,,,,,,,,,,,,,,,,,,,,,,,,,none,,,0,R0
M33_V0_alpha_peak_robustness,0.0,P2,3e-09,,,,,,,,,,,,,,,,,,,,,,,,,,,none,,,0,R0
M33_V0_alpha_peak_robustness,0.0,P2,1e-08,,,,,,,,,,,,,,,,,,,,,,,,,,,none,,,0,R0
M33_V0_alpha_peak_robustness,0.0,P3,1e-09,,,,,,,,,,,,,,,,,,,,,,,,,,,none,,,0,R0
M33_V0_alpha_peak_robustness,0.0,P3,3e-09,,,,,,,,,,,,,,,,,,,,,,,,,,,none,,,0,R0
M33_V0_alpha_peak_robustness,0.0,P3,1e-08,,,,,,,,,,,,,,,,,,,,,,,,,,,none,,,0,R0
M33_V0_alpha_peak_robustness,2.0,P0,1e-09,1.0,1.0,1.1,1.0,0.06293473099348625,1.58,1.58,1.68,1.58,0.002230160290627701,0.24865193459759397,2.481399131683245e-07,0.28222572794193923,0.08259042215077267,3.9190423785155094e-08,0.021377078609159272,0.0,0.10000000000000009,0.6201038463738089,3.9936129431198e-08,0.3652250601138756,0.021197241630189545,6.847719799064435e-09,0.0241316472508733,0.0,0.09999999999999987,band,1.58,0.002230160290627701,1,R3
M33_V0_alpha_peak_robustness,2.0,P0,3e-09,1.0,1.0,1.1,1.0,0.06293473099348625,1.58,1.58,1.68,1.58,0.0023107285538403327,0.24865193459759397,2.481399131683245e-07,0.28222572794193923,0.08259042215077267,3.9190423785155094e-08,0.021377078609159272,0.0,0.10000000000000009,0.6197667195663478,3.468175461231022e-08,0.3652250601138756,0.02127780661418488,1.0126937094487086e-08,0.0241316472508733,0.0,0.09999999999999987,band,1.58,0.0023107285538403327,1,R3
M33_V0_alpha_peak_robustness,2.0,P0,1e-08,1.0,1.0,1.1,1.0,0.06305578414805649,1.58,1.58,1.58,1.58,0.03328587645055657,0.24877298083572824,2.4122347720303194e-07,0.28222572794193923,0.08271146838890694,4.6106859750447655e-08,0.021377078609159272,0.0,0.10000000000000009,0.6260457270057523,1.6167384257070157e-08,0.3472415755651652,0.014764902220759879,1.4402502996695741e-08,0.07408383930917478,0.0,0.0,band,1.58,0.03328587645055657,1,R3
M33_V0_alpha_peak_robustness,2.0,P1,1e-09,1.58,1.58,1.68,1.58,-0.014165117151321207,1.58,1.58,1.68,1.58,-0.014165117151321207,0.6184113292281868,3.763158678393997e-08,0.3001422397034766,0.008552130851121054,6.4535731800050816e-09,0.009130982175938107,0.0,0.09999999999999987,0.6184113292281868,3.763158678393997e-08,0.3001422397034766,0.008552130851121054,6.4535731800050816e-09,0.009130982175938107,0.0,0.09999999999999987,band,1.58,-0.014165117151321207,1,R1
M33_V0_alpha_peak_robustness,2.0,P1,3e-09,1.58,1.58,1.68,1.58,-0.014433056258469964,1.58,1.58,1.68,1.58,-0.014433056258469964,0.6191779452887833,3.1782222451953405e-08,0.3001422397034766,0.008284188683032045,9.514513429873353e-09,0.009130982175938107,0.0,0.09999999999999987,0.6191779452887833,3.1782222451953405e-08,0.3001422397034766,0.008284188683032045,9.514513429873353e-09,0.009130982175938107,0.0,0.09999999999999987,band,1.58,-0.014433056258469964,1,R1
M33_V0_alpha_peak_robustness,2.0,P1,1e-08,1.58,1.58,1.58,1.58,0.055642942724195094,1.58,1.58,1.58,1.58,0.055642942724195094,0.626338577251846,7.744054512336908e-09,0.4332811009080953,0.010278016824210257,1.9353925652464723e-08,0.18145962618423672,0.0,0.0,0.626338577251846,7.744054512336908e-09,0.4332811009080953,0.010278016824210257,1.9353925652464723e-08,0.18145962618423672,0.0,0.0,band,1.58,0.055642942724195094,1,R3
M33_V0_alpha_peak_robustness,2.0,P2,1e-09,2.6,2.6,2.7,2.6,0.06139956827429796,1.48,1.48,1.5,1.48,0.009321160808713114,0.6903678202570632,1.3521581585246097e-07,0.20451150219213393,0.0803389135397975,8.814974086360701e-09,0.02424258367810561,0.0,0.10000000000000009,0.557143952763421,1.1986439267480662e-07,0.22412909435058537,0.011931778772087731,3.9505581461365504e-08,0.009557370124175707,0.0,0.020000000000000018,band,1.48,0.009321160808713114,1,R3
M33_V0_alpha_peak_robustness,2.0,P2,3e-09,2.6,2.6,2.7,2.6,0.061644187894246166,1.48,1.48,1.42,1.48,-0.00023636573965496975,0.6931867009914814,1.3300726684357476e-07,0.20451150219213393,0.08315779427421566,4.719473689987506e-09,0.013945555602227405,0.0,0.10000000000000009,0.556884631066437,1.1684334182866294e-07,0.262663494879155,0.011672457075103781,4.252663230750919e-08,0.012364538634435818,0.0,0.06000000000000005,band,1.48,-0.00023636573965496975,1,R1
M33_V0_alpha_peak_robustness,2.0,P2,1e-08,2.6,2.6,2.7,2.6,0.060938682558008134,1.58,1.58,1.58,1.58,0.0337370391193341,0.6948663914330754,1.2495378738309412e-07,0.20451150219213393,0.08483748471580965,1.122919896237364e-08,0.004404746451998148,0.0,0.10000000000000009,0.6610105999552294,1.6027510028128557e-08,0.33240052768979567,0.004284733760651749,1.5342576473103458e-08,0.11780916006442352,0.0,0.0,band,1.58,0.0337370391193341,1,R3
M33_V0_alpha_peak_robustness,2.0,P3,1e-09,2.6,2.6,2.5,2.6,0.1640619512618831,1.54,1.5,1.52,1.52,-0.015751742522066448,0.36965322070175793,1.1789565920499875e-07,0.4444917595776953,0.13962451098434878,5.284946439475715e-08,0.19774954971227987,0.0,0.10000000000000009,0.2830347085484283,1.3565741024134066e-07,0.22246164851626124,0.003642769641782395,1.371122751093791e-08,0.0024218964996946535,0.040000000000000036,0.0,band,1.52,-0.015751742522066448,1,R1
M33_V0_alpha_peak_robustness,2.0,P3,3e-09,2.6,2.6,2.5,2.6,0.15940908056156125,1.54,1.5,1.48,1.52,-0.023887789682072905,0.37464667669760277,1.1400589575090594e-07,0.4444917595776953,0.1446179669801936,5.673922784884996e-08,0.15916422736855929,0.0,0.10000000000000009,0.2830347085484283,1.3219639863560724e-07,0.30892889397087764,0.003642769641782395,1.6824620585839794e-08,0.009877695406096565,0.040000000000000036,0.040000000000000036,band,1.52,-0.023887789682072905,1,R1
M33_V0_alpha_peak_robustness,2.0,P3,1e-08,2.6,2.6,2.5,2.6,0.16313902643076433,1.52,1.5,1.48,1.51,-0.01210552085739568,0.37231793961240117,1.0417917143986541e-07,0.43909772313741413,0.1496964204834073,5.821528752867117e-08,0.1537701909282781,0.0,0.10000000000000009,0.2869740681122843,1.2471178570773417e-07,0.31654090611411245,0.003939359563855993,1.213061056711072e-08,0.005820429792551096,0.020000000000000018,0.030000000000000027,band,1.51,-0.01210552085739568,1,R1
M33_V0_alpha_peak_robustness,5.0,P0,1e-09,2.9,2.9,2.8,2.9,0.16337669703841237,1.34,1.48,1.44,1.4100000000000001,-0.07267403943808422,0.2179690078663529,1.4867799370641966e-07,0.3456055443696986,0.1602907543260805,1.3714557719260897e-07,0.11234322226701879,0.0,0.10000000000000009,0.8516316700180248,2.1911540632642151e-07,0.23744945947394627,0.0036345205382682932,2.685870930952354e-08,0.0047656526597523174,0.1399999999999999,0.029999999999999805,band,1.4100000000000001,-0.07267403943808422,1,R1
M33_V0_alpha_peak_robustness,5.0,P0,3e-09,2.9,2.9,2.8,2.9,0.16337669096735222,1.34,1.48,1.44,1.4100000000000001,-0.07243447154969808,0.2179690078663529,1.4867799370641966e-07,0.3456055443696986,0.1602907543260805,1.310745170439527e-07,0.11234322226701879,0.0,0.10000000000000009,0.8518712409735559,2.1911540632642151e-07,0.23744945947394627,0.0038740914937994697,2.379156427564084e-08,0.0047656526597523174,0.1399999999999999,0.029999999999999805,band,1.4100000000000001,-0.07243447154969808,1,R1
M33_V0_alpha_peak_robustness,5.0,P0,1e-08,2.9,2.9,2.8,2.9,0.16099317849474387,,,,,,0.21832178754980072,1.3208973372249827e-07,0.3456055443696986,0.16064353400952833,1.4766277702787408e-07,0.10139798728975408,0.0,0.10000000000000009,,,,,,,,,global,2.9,0.16099317849474387,0,R1
M33_V0_alpha_peak_robustness,5.0,P1,1e-09,2.1,2.1,2.2,2.1,0.21072492375659044,1.38,1.46,1.4,1.42,-0.013386714118293834,0.29304107123536277,2.910072164775596e-07,0.39529537580259266,0.19946381936034602,2.5176264937699848e-08,0.14504431687991803,0.0,0.10000000000000009,0.7232713076764554,1.6922612134205385e-07,0.204936260263334,0.029655711466681778,5.869612407861825e-08,0.007830062875601396,0.08000000000000007,0.020000000000000018,band,1.42,-0.013386714118293834,1,R1
M33_V0_alpha_peak_robustness,5.0,P1,3e-09,2.1,2.1,2.2,2.1,0.21072492375659044,1.38,1.46,1.4,1.42,-0.01239748700525048,0.29304107123536277,2.910072164775596e-07,0.39529537580259266,0.19946381936034602,2.5176264937699848e-08,0.14504431687991803,0.0,0.10000000000000009,0.7242605325719403,1.6700856290202474e-07,0.204936260263334,0.030644936362166697,6.091368251864735e-08,0.007830062875601396,0.08000000000000007,0.020000000000000018,band,1.42,-0.01239748700525048,1,R1
M33_V0_alpha_peak_robustness,5.0,P1,1e-08,2.1,2.1,2.2,2.1,0.21091121615560623,1.38,1.46,1.44,1.42,-0.008202440385205081,0.29304107123536277,2.910072164775596e-07,0.39529537580259266,0.19965011641321379,2.0522412968932624e-08,0.14504431687991803,0.0,0.10000000000000009,0.7273585813854256,1.5855697013966597e-07,0.21006370258686832,0.033558127730661136,5.558434989590783e-08,0.012957505199135716,0.08000000000000007,0.020000000000000018,band,1.42,-0.008202440385205081,1,R1
M33_V0_alpha_peak_robustness,5.0,P2,1e-09,0.6,0.7,0.7,0.6499999999999999,0.1677716024496849,1.38,1.42,1.4,1.4,0.015370305546303031,0.5452121739329338,1.4327330261396715e-07,0.2578779955924864,0.22183437148450946,5.661372548719735e-09,0.03374890121521157,0.09999999999999998,0.050000000000000044,0.7090232555817548,8.360164839303245e-08,0.19274759922390539,0.026430230891083317,1.1427477879229953e-07,0.03575984152176376,0.040000000000000036,0.0,band,1.4,0.015370305546303031,1,R3
M33_V0_alpha_peak_robustness,5.0,P2,3e-09,0.6,0.7,0.7,0.6499999999999999,0.16777159886602858,1.38,1.42,1.4,1.4,0.015279778620765516,0.5452121739329338,1.4327330261396715e-07,0.2578779955924864,0.22183437148450946,2.0777162319696367e-09,0.03374890121521157,0.09999999999999998,0.050000000000000044,0.7108942798883189,8.153334509321191e-08,0.19274759922390539,0.028301255197647368,1.1634308209212007e-07,0.027913628320144296,0.040000000000000036,0.0,band,1.4,0.015279778620765516,1,R3
M33_V0_alpha_peak_robustness,5.0,P2,1e-08,2.5,2.6,2.5,2.55,0.11108249786676822,1.38,1.42,1.4,1.4,0.013764070163610934,-0.3385730873721499,7.92816038130191e-08,0.2513613643071861,0.16409614604531692,4.059098755581758e-08,0.03794524492185508,0.10000000000000009,0.04999999999999982,0.7157440826870332,6.57465926480735e-08,0.19781184838657412,0.031897075919326445,1.2361137479612303e-07,0.007467482531638842,0.040000000000000036,0.0,band,1.4,0.013764070163610934,1,R3
M33_V0_alpha_peak_robustness,5.0,P3,1e-09,2.3,2.3,2.4,2.3,0.642023505289781,1.46,1.44,1.48,1.45,0.09813398105004278,0.5999459929201029,1.620478514699536e-07,0.2233872456960499,0.663989212779849,1.2473377111335943e-08,0.012137120146219593,0.0,0.10000000000000009,0.04550185212665159,1.4530894811093587e-07,0.24007398143520703,0.11258888976413688,2.1557688656109888e-09,0.012180356520548219,0.020000000000000018,0.030000000000000027,band,1.45,0.09813398105004278,1,R3
M33_V0_alpha_peak_robustness,5.0,P3,3e-09,2.3,2.3,2.4,2.3,0.6419309257767485,1.46,1.44,1.48,1.45,0.09806376148933707,0.5999459929201029,1.620478514699536e-07,0.23337673363624636,0.6613992613343306,1.2420813951801856e-08,0.02212660808641606,0.0,0.10000000000000009,0.04550185212665159,1.445003888466644e-07,0.25036776305398567,0.11251901859437721,2.9643281298824684e-09,0.012178959722527,0.020000000000000018,0.030000000000000027,band,1.45,0.09806376148933707,1,R3
M33_V0_alpha_peak_robustness,5.0,P3,1e-08,2.3,2.3,2.4,2.3,0.6416280421837361,1.46,1.44,1.48,1.45,0.1105253708907454,0.601904571289002,1.557572173174582e-07,0.23337673363624636,0.6633578397032297,7.3698125432621554e-09,0.013080780442775664,0.0,0.10000000000000009,0.05284314413928167,1.3149818262700648e-07,0.26877795762345985,0.12037807471730455,7.600440581428558e-09,0.03058915429200118,0.020000000000000018,0.030000000000000027,band,1.45,0.1105253708907454,1,R3
M33_V0_alpha_peak_robustness,10.0,P0,1e-09,2.2,2.2,2.3,2.2,0.40762565239248216,1.58,1.58,1.6,1.58,0.1696569175730073,0.6197101964220103,1.8471159170411212e-08,0.2699926451879523,0.4119168670429153,3.427353492539879e-07,0.0828337704568701,0.0,0.09999999999999964,0.5501646852163528,1.9100138344249334e-07,0.30378367599487316,0.1631688169482287,2.9906360249000885e-08,0.04595228287367337,0.0,0.020000000000000018,band,1.58,0.1696569175730073,1,R3
M33_V0_alpha_peak_robustness,10.0,P0,3e-09,2.2,2.2,2.3,2.2,0.3903688725510126,1.58,1.58,1.6,1.58,0.1696569175730073,0.6210889380584137,1.2698864237361346e-08,0.2699926451879523,0.4132956086793187,3.4850764418703776e-07,0.008291661456198418,0.0,0.09999999999999964,0.5501646852163528,1.9100138344249334e-07,0.30378367599487316,0.1631688169482287,2.9906360249000885e-08,0.04595228287367337,0.0,0.020000000000000018,band,1.58,0.1696569175730073,1,R3
M33_V0_alpha_peak_robustness,10.0,P0,1e-08,2.2,2.2,2.2,2.2,0.4786327572668576,1.58,1.58,1.6,1.58,0.19398849957705688,0.6246075507405204,2.3899766539778702e-23,0.5213876706298953,0.41681422136142543,3.612065084243991e-07,0.24727269879569502,0.0,0.0,0.5670120315007054,1.8231827824267696e-07,0.30378367599487316,0.18932235885165843,2.8318592933765845e-08,0.03866444962722204,0.0,0.020000000000000018,band,1.58,0.19398849957705688,1,R3
M33_V0_alpha_peak_robustness,10.0,P1,1e-09,2.2,2.2,2.3,2.2,0.32563608285902756,1.58,1.58,1.56,1.58,0.06596627180267674,0.6221421572716852,1.7009213305707404e-08,0.24677414407731052,0.3344780080751039,2.8279212809716045e-07,0.0646311679671818,0.0,0.09999999999999964,0.5346694644501763,1.786501345772201e-07,0.2577917493362559,0.06899959238036124,1.503308120034791e-08,0.007866657556937218,0.0,0.020000000000000018,band,1.58,0.06596627180267674,1,R3
M33_V0_alpha_peak_robustness,10.0,P1,3e-09,2.2,2.2,2.3,2.2,0.3159042635217109,1.58,1.58,1.56,1.58,0.06596627180267674,0.6232425643939948,1.328577885134189e-08,0.24677414407731052,0.33557841519741355,2.8453902121270043e-07,0.021302255141104093,0.0,0.09999999999999964,0.5346694644501763,1.786501345772201e-07,0.2577917493362559,0.06899959238036124,1.503308120034791e-08,0.007866657556937218,0.0,0.020000000000000018,band,1.58,0.06596627180267674,1,R3
M33_V0_alpha_peak_robustness,10.0,P1,1e-08,2.2,2.2,2.2,2.2,0.3996525783359419,1.58,1.58,1.56,1.58,0.08279915130530657,0.6249153271398148,1.1154371569022735e-22,0.5211763242772707,0.3368156592924833,2.8822625518067785e-07,0.25134652326881374,0.0,0.0,0.5538485728161309,1.6736650107103868e-07,0.25749489559897776,0.08590667496386267,2.538652913879601e-08,0.007569803819659049,0.0,0.020000000000000018,band,1.58,0.08279915130530657,1,R3
M33_V0_alpha_peak_robustness,10.0,P2,1e-09,2.8,2.7,2.8,2.75,0.31773847993063425,1.78,1.78,1.8,1.78,0.11174807179405447,0.48806790261307365,1.2556814393655741e-07,0.23594911450538267,0.36011347067840604,4.1728891449358513e-08,0.08049987009334608,0.09999999999999964,0.04999999999999982,0.7021996636543106,1.1096685732459256e-07,0.18886996818115367,0.1094272673025326,6.838979656895369e-08,0.02928294440690113,0.0,0.020000000000000018,band,1.78,0.11174807179405447,1,R3
M33_V0_alpha_peak_robustness,10.0,P2,3e-09,2.8,2.7,2.8,2.75,0.31538120452297985,1.78,1.78,1.8,1.78,0.11333437822613987,0.48806790261307365,1.2468581629290024e-07,0.23594911450538267,0.3599747710622795,4.261121909301569e-08,0.07162556339792409,0.09999999999999964,0.04999999999999982,0.7037859679964149,1.088768761906022e-07,0.18886996818115367,0.11101357164463688,7.047977770294405e-08,0.02928294440690113,0.0,0.020000000000000018,band,1.78,0.11333437822613987,1,R3
M33_V0_alpha_peak_robustness,10.0,P2,1e-08,2.2,2.2,2.2,2.2,0.3617249713307952,1.78,1.78,1.8,1.78,0.1160063430579417,0.6540070749571718,5.593287099323793e-09,0.3738052916812163,0.31948711961175474,2.1626561336130676e-07,0.1689505418137082,0.0,0.0,0.7114274496740628,1.0162877806978502e-07,0.18886996818115367,0.11865505332228476,7.772787582376122e-08,0.009404848031124458,0.0,0.020000000000000018,band,1.78,0.1160063430579417,1,R3
M33_V0_alpha_peak_robustness,10.0,P3,1e-09,0.5,0.6,0.5,0.55,0.31773184717691016,1.58,1.56,1.58,1.57,0.17419842057309703,0.23002870969667585,1.1640460371642115e-07,0.44449175966846655,0.3451324724922664,1.8026239921475747e-08,0.14039742663361526,0.09999999999999998,0.050000000000000044,0.45922864210878384,1.1624989554467756e-07,0.21286686111659195,0.18614094761815136,2.6721555428436166e-08,0.0022297849335609077,0.020000000000000018,0.010000000000000009,band,1.57,0.17419842057309703,1,R3
M33_V0_alpha_peak_robustness,10.0,P3,3e-09,0.5,0.6,0.5,0.55,0.31900536767296905,1.58,1.56,1.58,1.57,0.1731960056779902,0.23002870969667585,1.1640460371642115e-07,0.44449175966846655,0.3464059929883253,1.8026239921475747e-08,0.14039742663361526,0.09999999999999998,0.050000000000000044,0.45981626754663607,1.0976567675615593e-07,0.22472501033917358,0.18498836444464628,3.266598563896774e-08,0.0028304342694332185,0.020000000000000018,0.010000000000000009,band,1.57,0.1731960056779902,1,R3
M33_V0_alpha_peak_robustness,10.0,P3,1e-08,0.5,0.6,0.5,0.55,0.3137532888134512,1.64,1.64,1.64,1.64,0.17389549660811066,0.22262151908268304,1.0406916257201584e-07,0.4390977231524462,0.3520200718880243,2.1137122693406666e-08,0.09693278315321685,0.09999999999999998,0.050000000000000044,0.9053989877980102,1.1105836734353499e-07,0.28169711667415376,0.15039352576822562,2.546709692600141e-08,0.09400778149115238,0.0,0.0,band,1.64,0.17389549660811066,1,R3
M33_V0_alpha_peak_robustness,20.0,P0,1e-09,2.2,2.1,2.2,2.1500000000000004,0.9143597916122268,1.42,1.42,1.4,1.42,0.3875951735194283,0.8158508965865395,2.0408740691222755e-07,0.3840349469129563,0.9368718194672984,1.729577203435394e-07,0.15995119674883226,0.10000000000000009,0.04999999999999982,0.5113165590666646,2.524773054788627e-07,0.31858545729296833,0.3868518827311664,7.693478863018795e-08,0.02297285541389299,0.0,0.020000000000000018,band,1.42,0.3875951735194283,1,R3
M33_V0_alpha_peak_robustness,20.0,P0,3e-09,2.2,2.1,2.2,2.1500000000000004,0.9144753559627585,1.42,1.42,1.4,1.42,0.3875951735194283,0.8158508965865395,2.005273759326336e-07,0.3840349469129563,0.9369873802577992,1.7651775132313334e-07,0.15995119674883226,0.10000000000000009,0.04999999999999982,0.5113165590666646,2.524773054788627e-07,0.31858545729296833,0.3868518827311664,7.693478863018795e-08,0.02297285541389299,0.0,0.020000000000000018,band,1.42,0.3875951735194283,1,R3
M33_V0_alpha_peak_robustness,20.0,P0,1e-08,2.2,2.1,2.2,2.1500000000000004,0.9103024569882523,1.42,1.42,1.4,1.42,0.41054883287534816,0.8158508965865395,2.005273759326336e-07,0.3840349469129563,0.9369873802577992,1.7651775132313334e-07,0.14325960085080733,0.10000000000000009,0.04999999999999982,0.535228923691669,2.403946533296575e-07,0.31858545729296833,0.41076424735617073,8.901744077939315e-08,0.01913798600694666,0.0,0.020000000000000018,band,1.42,0.41054883287534816,1,R3
M33_V0_alpha_peak_robustness,20.0,P1,1e-09,2.8,2.9,2.9,2.8499999999999996,0.5736923304766136,1.42,1.4,1.42,1.41,0.2515765883689199,0.6939555640024168,2.0917232785270278e-07,0.2741295472694408,0.6300055609388634,3.566191169726184e-09,0.02474706388623682,0.10000000000000009,0.050000000000000266,0.4933101952917176,1.6893716429587402e-07,0.2711091093571905,0.2594815020085785,6.479387736776227e-08,0.018380086265856133,0.020000000000000018,0.010000000000000009,band,1.41,0.2515765883689199,1,R3
M33_V0_alpha_peak_robustness,20.0,P1,3e-09,2.8,2.9,2.9,2.8499999999999996,0.5736923304766136,1.42,1.4,1.42,1.41,0.2515765883689199,0.6939555640024168,2.0917232785270278e-07,0.2741295472694408,0.6300055609388634,3.566191169726184e-09,0.02474706388623682,0.10000000000000009,0.050000000000000266,0.4933101952917176,1.6893716429587402e-07,0.2711091093571905,0.2594815020085785,6.479387736776227e-08,0.018380086265856133,0.020000000000000018,0.010000000000000009,band,1.41,0.2515765883689199,1,R3
M33_V0_alpha_peak_robustness,20.0,P1,1e-08,2.8,2.9,2.9,2.8499999999999996,0.5825099597852463,1.42,1.4,1.42,1.41,0.27464694893463465,0.6949009237518352,1.8458437815909103e-07,0.31711993160888724,0.6291709616319205,2.7162506772835718e-08,0.06335588396327657,0.10000000000000009,0.050000000000000266,0.5195027402656123,1.6339666465001818e-07,0.26732564629189565,0.28613832701487196,5.510088625559486e-08,0.00403426727550571,0.020000000000000018,0.010000000000000009,band,1.41,0.27464694893463465,1,R3
M33_V0_alpha_peak_robustness,20.0,P2,1e-09,2.2,2.3,2.2,2.25,0.7129742453212293,1.74,1.72,1.74,1.73,0.046254637879273724,0.7921805468327454,1.3473154303839632e-07,0.2618398794249791,0.7518594543960422,3.043441918393906e-08,0.09445904196307081,0.09999999999999964,0.04999999999999982,0.5253543709719591,1.4828473014747678e-07,0.2299497707456741,0.05846001561512815,6.90699832125939e-09,0.0011784614285890727,0.020000000000000018,0.010000000000000009,band,1.73,0.046254637879273724,1,R3
M33_V0_alpha_peak_robustness,20.0,P2,3e-09,2.2,2.3,2.2,2.25,0.7097994446336373,1.74,1.72,1.74,1.73,0.046254637879273724,0.7921805468327454,1.3473154303839632e-07,0.2618398794249791,0.7518501366902544,2.7363713380421526e-08,0.08179712231867736,0.09999999999999964,0.04999999999999982,0.5253543709719591,1.4828473014747678e-07,0.2299497707456741,0.05846001561512815,6.90699832125939e-09,0.0011784614285890727,0.020000000000000018,0.010000000000000009,band,1.73,0.046254637879273724,1,R3
M33_V0_alpha_peak_robustness,20.0,P2,1e-08,2.2,2.3,2.2,2.25,0.7097994479775452,1.42,1.42,1.4,1.42,0.05068343504817848,0.7921805468327454,1.235467039181266e-07,0.2618398794249791,0.7518501366902544,3.0707621368262464e-08,0.08179712231867736,0.09999999999999964,0.04999999999999982,0.5441306667503071,1.348944976110167e-07,0.242130393419644,0.05381453266829356,1.3361970395320078e-08,0.007475556071658118,0.0,0.020000000000000018,band,1.42,0.05068343504817848,1,R3
M33_V0_alpha_peak_robustness,20.0,P3,1e-09,1.66,1.66,1.62,1.66,0.7255356470217422,1.66,1.66,1.62,1.66,0.7255356470217422,0.9380569293190318,1.1402074042585481e-07,0.2600237177365406,0.7318448033974733,2.7228630946403458e-08,0.01476326558255217,0.0,0.039999999999999813,0.9380569293190318,1.1402074042585481e-07,0.2600237177365406,0.7318448033974733,2.7228630946403458e-08,0.01476326558255217,0.0,0.039999999999999813,band,1.66,0.7255356470217422,1,R3
M33_V0_alpha_peak_robustness,20.0,P3,3e-09,1.66,1.66,1.62,1.66,0.7281680775607784,1.66,1.66,1.62,1.66,0.7281680775607784,0.938128387418782,1.1238934181977258e-07,0.27026761061056703,0.7319162614972234,2.6449410319712486e-08,0.02500715845657861,0.0,0.039999999999999813,0.938128387418782,1.1238934181977258e-07,0.27026761061056703,0.7319162614972234,2.6449410319712486e-08,0.02500715845657861,0.0,0.039999999999999813,band,1.66,0.7281680775607784,1,R3
M33_V0_alpha_peak_robustness,20.0,P3,1e-08,1.66,1.66,1.62,1.66,0.738477107762167,1.66,1.66,1.62,1.66,0.738477107762167,0.948034802031402,9.028911480395187e-08,0.2961588896925119,0.7371717223693959,3.428430741721564e-08,0.04522140443385475,0.0,0.039999999999999813,0.948034802031402,9.028911480395187e-08,0.2961588896925119,0.7371717223693959,3.428430741721564e-08,0.04522140443385475,0.0,0.039999999999999813,band,1.66,0.738477107762167,1,R3
M33_V0_alpha_peak_robustness,40.0,P0,1e-09,0.8,0.8,0.9,0.8,0.5289602542401229,1.8,1.8,1.8,1.8,0.380451650828069,0.6856581146588618,2.886477890562847e-07,0.32379904319837666,0.5433014768251694,4.076430505276592e-08,0.04263494660259404,0.0,0.09999999999999998,0.3725007450143907,3.269601627952606e-07,0.33387887722255233,0.36102703462382807,1.4477590672164002e-08,0.07769840690660085,0.0,0.0,band,1.8,0.380451650828069,1,R3
M33_V0_alpha_peak_robustness,40.0,P0,3e-09,0.8,0.8,0.9,0.8,0.5289602542401229,1.8,1.8,1.8,1.8,0.380451650828069,0.6856581146588618,2.886477890562847e-07,0.32379904319837666,0.5433014768251694,4.076430505276592e-08,0.04263494660259404,0.0,0.09999999999999998,0.3725007450143907,3.269601627952606e-07,0.33387887722255233,0.36102703462382807,1.4477590672164002e-08,0.07769840690660085,0.0,0.0,band,1.8,0.380451650828069,1,R3
M33_V0_alpha_peak_robustness,40.0,P0,1e-08,0.8,0.8,0.9,0.8,0.5307485972527834,1.8,1.8,1.8,1.8,0.380451650828069,0.6874464441728095,2.751490762020384e-07,0.32379904319837666,0.5450898063391171,5.4263017907012247e-08,0.04263494660259404,0.0,0.09999999999999998,0.3725007450143907,3.269601627952606e-07,0.33387887722255233,0.36102703462382807,1.4477590672164002e-08,0.07769840690660085,0.0,0.0,band,1.8,0.380451650828069,1,R3
M33_V0_alpha_peak_robustness,40.0,P1,1e-09,1.1,1.0,1.1,1.05,0.5897654283740263,1.8,1.8,1.8,1.8,0.26605598027275484,0.829749391586528,1.1782353100409318e-07,0.34631796682883825,0.6197368686442943,1.931767612830995e-07,0.13011346621188333,0.10000000000000009,0.050000000000000044,0.36008619167389616,1.563486210361482e-07,0.2542894863563611,0.2653229786732711,1.461651182516849e-07,0.0029314217374621365,0.0,0.0,band,1.8,0.26605598027275484,1,R3
M33_V0_alpha_peak_robustness,40.0,P1,3e-09,1.1,1.0,1.1,1.05,0.586197493919157,1.8,1.8,1.8,1.8,0.27054603474955763,0.829749391586528,1.1470985644064308e-07,0.34631796682883825,0.6194030715403228,1.9629043584654962e-07,0.11717690435359368,0.10000000000000009,0.050000000000000044,0.36090844439666925,1.5410738628741113e-07,0.26896068440754084,0.2661452313960442,1.4840635300042198e-07,0.01760261978864186,0.0,0.0,band,1.8,0.27054603474955763,1,R3
M33_V0_alpha_peak_robustness,40.0,P1,1e-08,1.1,1.0,1.1,1.05,0.5861974988222853,1.8,1.8,1.8,1.8,0.2731336774882869,0.829749391586528,1.0980672815101563e-07,0.34631796682883825,0.6194030715403228,2.0119356413617704e-07,0.11717690435359368,0.10000000000000009,0.050000000000000044,0.36065305847385387,1.477257893076234e-07,0.2803327735273314,0.2658898454732288,1.547879499802097e-07,0.0289747089084324,0.0,0.0,band,1.8,0.2731336774882869,1,R3
M33_V0_alpha_peak_robustness,40.0,P2,1e-09,0.5,0.5,0.4,0.5,0.48699955668804995,1.42,1.42,1.38,1.42,0.15013087639097908,0.6849397544476256,1.2246924981742267e-07,0.2586333498561274,0.4920131289770043,3.547073373921608e-09,0.07994569665588955,0.0,0.09999999999999998,0.8542884658404125,1.0950309325808433e-07,0.2143442981411733,0.15396416549551672,3.795350296203174e-09,0.024666828400448315,0.0,0.040000000000000036,band,1.42,0.15013087639097908,1,R3
M33_V0_alpha_peak_robustness,40.0,P2,3e-09,0.5,0.5,0.4,0.5,0.48699955466030176,1.64,1.62,1.64,1.63,0.1429416597342505,0.6849397544476256,1.2246924981742267e-07,0.2586333498561274,0.4920131289770043,1.5193251535201586e-09,0.07994569665588955,0.0,0.09999999999999998,0.365884026973298,9.448948769908553e-08,0.2435785652170814,0.14551917504411538,1.795723714364618e-08,0.03968986693159149,0.019999999999999796,0.010000000000000009,band,1.63,0.1429416597342505,1,R3
M33_V0_alpha_peak_robustness,40.0,P2,1e-08,0.5,0.5,0.4,0.5,0.4874997380469265,1.64,1.62,1.64,1.63,0.14581358699566138,0.6890799420506346,1.1452322070910304e-07,0.2586333498561274,0.4961533165800133,7.940486653710336e-09,0.06538565410570624,0.0,0.09999999999999998,0.3694685247700046,8.152486107548535e-08,0.25985028630722784,0.14896454412138907,2.6572734452302687e-08,0.037396065206150964,0.019999999999999796,0.010000000000000009,band,1.63,0.14581358699566138,1,R3
M33_V0_alpha_peak_robustness,40.0,P3,1e-09,1.58,1.56,1.58,1.57,0.5405088019253488,1.58,1.56,1.58,1.57,0.5405088019253488,0.6980053374511758,1.023504451727366e-07,0.2562901315113006,0.5354866993649043,9.248507190812784e-09,0.07008837324774908,0.020000000000000018,0.010000000000000009,0.6980053374511758,1.023504451727366e-07,0.2562901315113006,0.5354866993649043,9.248507190812784e-09,0.07008837324774908,0.020000000000000018,0.010000000000000009,band,1.57,0.5405088019253488,1,R3
M33_V0_alpha_peak_robustness,40.0,P3,3e-09,1.58,1.56,1.58,1.57,0.5385988408098141,1.58,1.56,1.58,1.57,0.5385988408098141,0.6982857985002721,9.987071910743531e-08,0.26756124002736814,0.5355465769764787,9.62290591228444e-09,0.06220901684171862,0.020000000000000018,0.010000000000000009,0.6982857985002721,9.987071910743531e-08,0.26756124002736814,0.5355465769764787,9.62290591228444e-09,0.06220901684171862,0.020000000000000018,0.010000000000000009,band,1.57,0.5385988408098141,1,R3
M33_V0_alpha_peak_robustness,40.0,P3,1e-08,1.58,1.56,1.58,1.57,0.5481818955706022,1.58,1.56,1.58,1.57,0.5481818955706022,0.7025342356657794,8.893009837237169e-08,0.3290157863244739,0.53842273419272,2.076185141215951e-09,0.08903663720678778,0.020000000000000018,0.010000000000000009,0.7025342356657794,8.893009837237169e-08,0.3290157863244739,0.53842273419272,2.076185141215951e-09,0.08903663720678778,0.020000000000000018,0.010000000000000009,band,1.57,0.5481818955706022,1,R3
