source_id,source_label,source_url_or_reference,source_type,documented_in_artifact,retrieval_status,retrieval_performed,notes
SRC-001,04_sparc_rar_precontract_summary.json,runs/QSB-SPARC-RAR-RESIDUAL-SCOUT-01-PRECONTRACT/04_sparc_rar_precontract_summary.json,repo_context_artifact,runs/QSB-SPARC-RAR-RESIDUAL-SCOUT-01-PRECONTRACT/04_sparc_rar_precontract_summary.json,local_artifact_readable,false,Used as local source/context input; no external retrieval.
SRC-002,13_next_execution_run_contract.md,runs/QSB-SPARC-RAR-RESIDUAL-SCOUT-01-PRECONTRACT/13_next_execution_run_contract.md,repo_context_artifact,runs/QSB-SPARC-RAR-RESIDUAL-SCOUT-01-PRECONTRACT/13_next_execution_run_contract.md,local_artifact_readable,false,Used as local source/context input; no external retrieval.
SRC-003,15_data_acquisition_plan.md,runs/QSB-SPARC-RAR-RESIDUAL-SCOUT-01-PRECONTRACT/15_data_acquisition_plan.md,repo_context_artifact,runs/QSB-SPARC-RAR-RESIDUAL-SCOUT-01-PRECONTRACT/15_data_acquisition_plan.md,local_artifact_readable,false,Used as local source/context input; no external retrieval.
SRC-004,16_sparc_column_contract_placeholder.csv,runs/QSB-SPARC-RAR-RESIDUAL-SCOUT-01-PRECONTRACT/16_sparc_column_contract_placeholder.csv,repo_context_artifact,runs/QSB-SPARC-RAR-RESIDUAL-SCOUT-01-PRECONTRACT/16_sparc_column_contract_placeholder.csv,local_artifact_readable,false,Used as local source/context input; no external retrieval.
SRC-005,17_observable_formula_todo.md,runs/QSB-SPARC-RAR-RESIDUAL-SCOUT-01-PRECONTRACT/17_observable_formula_todo.md,repo_context_artifact,runs/QSB-SPARC-RAR-RESIDUAL-SCOUT-01-PRECONTRACT/17_observable_formula_todo.md,local_artifact_readable,false,Used as local source/context input; no external retrieval.
SRC-006,13_public_data_source_extract.csv,runs/QSB-OBSERVATIONAL-CANDIDATE-SCOUT-01-DEEP-RESEARCH-INGEST/13_public_data_source_extract.csv,repo_context_artifact,runs/QSB-OBSERVATIONAL-CANDIDATE-SCOUT-01-DEEP-RESEARCH-INGEST/13_public_data_source_extract.csv,local_artifact_readable,false,Used as local source/context input; no external retrieval.
SRC-007,17_source_url_inventory.csv,runs/QSB-OBSERVATIONAL-CANDIDATE-SCOUT-01-DEEP-RESEARCH-INGEST/17_source_url_inventory.csv,repo_context_artifact,runs/QSB-OBSERVATIONAL-CANDIDATE-SCOUT-01-DEEP-RESEARCH-INGEST/17_source_url_inventory.csv,local_artifact_readable,false,Used as local source/context input; no external retrieval.
SRC-008,SPARC/RAR URL from Deep Research ingest,https://astroweb.cwru.edu/SPARC/,documented_external_url_not_retrieved,runs/QSB-OBSERVATIONAL-CANDIDATE-SCOUT-01-DEEP-RESEARCH-INGEST/17_source_url_inventory.csv,not_retrieved,false,Carried forward as source_reference only.
SRC-009,SPARC/RAR URL from Deep Research ingest,https://arxiv.org/abs/1609.05917,documented_external_url_not_retrieved,runs/QSB-OBSERVATIONAL-CANDIDATE-SCOUT-01-DEEP-RESEARCH-INGEST/17_source_url_inventory.csv,not_retrieved,false,Carried forward as source_reference only.
