run_id,candidate_id,directionality_documented,directionality_class,ij_reversal_behavior_available,absolute_value_risk,directionality_decision
QSB-PLANCK-BRIDGE-RESONATOR-INDEPENDENT-LAG-VARIABLE-ADMISSIBILITY-EXECUTION-01,CAND-0001,unknown,unknown,false,unknown,directionality_not_established_inventory_only
QSB-PLANCK-BRIDGE-RESONATOR-INDEPENDENT-LAG-VARIABLE-ADMISSIBILITY-EXECUTION-01,CAND-0002,unknown,unknown,false,unknown,directionality_not_established_inventory_only
QSB-PLANCK-BRIDGE-RESONATOR-INDEPENDENT-LAG-VARIABLE-ADMISSIBILITY-EXECUTION-01,CAND-0003,unknown,unknown,false,unknown,directionality_not_established_inventory_only
QSB-PLANCK-BRIDGE-RESONATOR-INDEPENDENT-LAG-VARIABLE-ADMISSIBILITY-EXECUTION-01,CAND-0004,unknown,unknown,false,unknown,directionality_not_established_inventory_only
QSB-PLANCK-BRIDGE-RESONATOR-INDEPENDENT-LAG-VARIABLE-ADMISSIBILITY-EXECUTION-01,CAND-0005,unknown,unknown,false,unknown,directionality_not_established_inventory_only
QSB-PLANCK-BRIDGE-RESONATOR-INDEPENDENT-LAG-VARIABLE-ADMISSIBILITY-EXECUTION-01,CAND-0006,unknown,unknown,false,unknown,directionality_not_established_inventory_only
QSB-PLANCK-BRIDGE-RESONATOR-INDEPENDENT-LAG-VARIABLE-ADMISSIBILITY-EXECUTION-01,CAND-0007,unknown,unknown,false,unknown,directionality_not_established_inventory_only
QSB-PLANCK-BRIDGE-RESONATOR-INDEPENDENT-LAG-VARIABLE-ADMISSIBILITY-EXECUTION-01,CAND-0008,unknown,unknown,false,unknown,directionality_not_established_inventory_only
QSB-PLANCK-BRIDGE-RESONATOR-INDEPENDENT-LAG-VARIABLE-ADMISSIBILITY-EXECUTION-01,CAND-0009,unknown,unknown,false,unknown,directionality_not_established_inventory_only
QSB-PLANCK-BRIDGE-RESONATOR-INDEPENDENT-LAG-VARIABLE-ADMISSIBILITY-EXECUTION-01,CAND-0010,unknown,unknown,false,unknown,directionality_not_established_inventory_only
QSB-PLANCK-BRIDGE-RESONATOR-INDEPENDENT-LAG-VARIABLE-ADMISSIBILITY-EXECUTION-01,CAND-0011,unknown,unknown,false,unknown,directionality_not_established_inventory_only
QSB-PLANCK-BRIDGE-RESONATOR-INDEPENDENT-LAG-VARIABLE-ADMISSIBILITY-EXECUTION-01,CAND-0012,unknown,unknown,false,unknown,directionality_not_established_inventory_only
QSB-PLANCK-BRIDGE-RESONATOR-INDEPENDENT-LAG-VARIABLE-ADMISSIBILITY-EXECUTION-01,CAND-0013,unknown,unknown,false,unknown,directionality_not_established_inventory_only
QSB-PLANCK-BRIDGE-RESONATOR-INDEPENDENT-LAG-VARIABLE-ADMISSIBILITY-EXECUTION-01,CAND-0014,unknown,unknown,false,unknown,directionality_not_established_inventory_only
QSB-PLANCK-BRIDGE-RESONATOR-INDEPENDENT-LAG-VARIABLE-ADMISSIBILITY-EXECUTION-01,CAND-0015,unknown,unknown,false,unknown,directionality_not_established_inventory_only
QSB-PLANCK-BRIDGE-RESONATOR-INDEPENDENT-LAG-VARIABLE-ADMISSIBILITY-EXECUTION-01,CAND-0016,unknown,unknown,false,unknown,directionality_not_established_inventory_only
QSB-PLANCK-BRIDGE-RESONATOR-INDEPENDENT-LAG-VARIABLE-ADMISSIBILITY-EXECUTION-01,CAND-0017,unknown,unknown,false,unknown,directionality_not_established_inventory_only
QSB-PLANCK-BRIDGE-RESONATOR-INDEPENDENT-LAG-VARIABLE-ADMISSIBILITY-EXECUTION-01,CAND-0018,unknown,unknown,false,unknown,directionality_not_established_inventory_only
QSB-PLANCK-BRIDGE-RESONATOR-INDEPENDENT-LAG-VARIABLE-ADMISSIBILITY-EXECUTION-01,CAND-0019,unknown,unknown,false,unknown,directionality_not_established_inventory_only
QSB-PLANCK-BRIDGE-RESONATOR-INDEPENDENT-LAG-VARIABLE-ADMISSIBILITY-EXECUTION-01,CAND-0020,unknown,unknown,false,unknown,directionality_not_established_inventory_only
QSB-PLANCK-BRIDGE-RESONATOR-INDEPENDENT-LAG-VARIABLE-ADMISSIBILITY-EXECUTION-01,CAND-0021,unknown,unknown,false,unknown,directionality_not_established_inventory_only
QSB-PLANCK-BRIDGE-RESONATOR-INDEPENDENT-LAG-VARIABLE-ADMISSIBILITY-EXECUTION-01,CAND-0022,unknown,unknown,false,unknown,directionality_not_established_inventory_only
QSB-PLANCK-BRIDGE-RESONATOR-INDEPENDENT-LAG-VARIABLE-ADMISSIBILITY-EXECUTION-01,CAND-0023,unknown,unknown,false,unknown,directionality_not_established_inventory_only
QSB-PLANCK-BRIDGE-RESONATOR-INDEPENDENT-LAG-VARIABLE-ADMISSIBILITY-EXECUTION-01,CAND-0024,unknown,unknown,false,unknown,directionality_not_established_inventory_only
QSB-PLANCK-BRIDGE-RESONATOR-INDEPENDENT-LAG-VARIABLE-ADMISSIBILITY-EXECUTION-01,CAND-0025,unknown,unknown,false,unknown,directionality_not_established_inventory_only
QSB-PLANCK-BRIDGE-RESONATOR-INDEPENDENT-LAG-VARIABLE-ADMISSIBILITY-EXECUTION-01,CAND-0026,unknown,unknown,false,unknown,directionality_not_established_inventory_only
QSB-PLANCK-BRIDGE-RESONATOR-INDEPENDENT-LAG-VARIABLE-ADMISSIBILITY-EXECUTION-01,CAND-0027,unknown,unknown,false,unknown,directionality_not_established_inventory_only
QSB-PLANCK-BRIDGE-RESONATOR-INDEPENDENT-LAG-VARIABLE-ADMISSIBILITY-EXECUTION-01,CAND-0028,unknown,unknown,false,unknown,directionality_not_established_inventory_only
QSB-PLANCK-BRIDGE-RESONATOR-INDEPENDENT-LAG-VARIABLE-ADMISSIBILITY-EXECUTION-01,CAND-0029,unknown,unknown,false,unknown,directionality_not_established_inventory_only
QSB-PLANCK-BRIDGE-RESONATOR-INDEPENDENT-LAG-VARIABLE-ADMISSIBILITY-EXECUTION-01,CAND-0030,unknown,unknown,false,unknown,directionality_not_established_inventory_only
QSB-PLANCK-BRIDGE-RESONATOR-INDEPENDENT-LAG-VARIABLE-ADMISSIBILITY-EXECUTION-01,CAND-0031,unknown,unknown,false,unknown,directionality_not_established_inventory_only
QSB-PLANCK-BRIDGE-RESONATOR-INDEPENDENT-LAG-VARIABLE-ADMISSIBILITY-EXECUTION-01,CAND-0032,unknown,unknown,false,unknown,directionality_not_established_inventory_only
QSB-PLANCK-BRIDGE-RESONATOR-INDEPENDENT-LAG-VARIABLE-ADMISSIBILITY-EXECUTION-01,CAND-0033,unknown,unknown,false,unknown,directionality_not_established_inventory_only
QSB-PLANCK-BRIDGE-RESONATOR-INDEPENDENT-LAG-VARIABLE-ADMISSIBILITY-EXECUTION-01,CAND-0034,unknown,unknown,false,unknown,directionality_not_established_inventory_only
QSB-PLANCK-BRIDGE-RESONATOR-INDEPENDENT-LAG-VARIABLE-ADMISSIBILITY-EXECUTION-01,CAND-0035,unknown,unknown,false,unknown,directionality_not_established_inventory_only
QSB-PLANCK-BRIDGE-RESONATOR-INDEPENDENT-LAG-VARIABLE-ADMISSIBILITY-EXECUTION-01,CAND-0036,unknown,unknown,false,unknown,directionality_not_established_inventory_only
QSB-PLANCK-BRIDGE-RESONATOR-INDEPENDENT-LAG-VARIABLE-ADMISSIBILITY-EXECUTION-01,CAND-0037,unknown,unknown,false,unknown,directionality_not_established_inventory_only
QSB-PLANCK-BRIDGE-RESONATOR-INDEPENDENT-LAG-VARIABLE-ADMISSIBILITY-EXECUTION-01,CAND-0038,unknown,unknown,false,unknown,directionality_not_established_inventory_only
QSB-PLANCK-BRIDGE-RESONATOR-INDEPENDENT-LAG-VARIABLE-ADMISSIBILITY-EXECUTION-01,CAND-0039,unknown,unknown,false,unknown,directionality_not_established_inventory_only
QSB-PLANCK-BRIDGE-RESONATOR-INDEPENDENT-LAG-VARIABLE-ADMISSIBILITY-EXECUTION-01,CAND-0040,unknown,unknown,false,unknown,directionality_not_established_inventory_only
QSB-PLANCK-BRIDGE-RESONATOR-INDEPENDENT-LAG-VARIABLE-ADMISSIBILITY-EXECUTION-01,CAND-0041,unknown,unknown,false,unknown,directionality_not_established_inventory_only
QSB-PLANCK-BRIDGE-RESONATOR-INDEPENDENT-LAG-VARIABLE-ADMISSIBILITY-EXECUTION-01,CAND-0042,unknown,unknown,false,unknown,directionality_not_established_inventory_only
QSB-PLANCK-BRIDGE-RESONATOR-INDEPENDENT-LAG-VARIABLE-ADMISSIBILITY-EXECUTION-01,CAND-0043,unknown,unknown,false,unknown,directionality_not_established_inventory_only
QSB-PLANCK-BRIDGE-RESONATOR-INDEPENDENT-LAG-VARIABLE-ADMISSIBILITY-EXECUTION-01,CAND-0044,unknown,unknown,false,unknown,directionality_not_established_inventory_only
QSB-PLANCK-BRIDGE-RESONATOR-INDEPENDENT-LAG-VARIABLE-ADMISSIBILITY-EXECUTION-01,CAND-0045,unknown,unknown,false,unknown,directionality_not_established_inventory_only
QSB-PLANCK-BRIDGE-RESONATOR-INDEPENDENT-LAG-VARIABLE-ADMISSIBILITY-EXECUTION-01,CAND-0046,unknown,unknown,false,unknown,directionality_not_established_inventory_only
QSB-PLANCK-BRIDGE-RESONATOR-INDEPENDENT-LAG-VARIABLE-ADMISSIBILITY-EXECUTION-01,CAND-0047,unknown,unknown,false,unknown,directionality_not_established_inventory_only
QSB-PLANCK-BRIDGE-RESONATOR-INDEPENDENT-LAG-VARIABLE-ADMISSIBILITY-EXECUTION-01,CAND-0048,unknown,unknown,false,unknown,directionality_not_established_inventory_only
QSB-PLANCK-BRIDGE-RESONATOR-INDEPENDENT-LAG-VARIABLE-ADMISSIBILITY-EXECUTION-01,CAND-0049,unknown,unknown,false,unknown,directionality_not_established_inventory_only
QSB-PLANCK-BRIDGE-RESONATOR-INDEPENDENT-LAG-VARIABLE-ADMISSIBILITY-EXECUTION-01,CAND-0050,unknown,unknown,false,unknown,directionality_not_established_inventory_only
QSB-PLANCK-BRIDGE-RESONATOR-INDEPENDENT-LAG-VARIABLE-ADMISSIBILITY-EXECUTION-01,CAND-0051,unknown,unknown,false,unknown,directionality_not_established_inventory_only
QSB-PLANCK-BRIDGE-RESONATOR-INDEPENDENT-LAG-VARIABLE-ADMISSIBILITY-EXECUTION-01,CAND-0052,unknown,unknown,false,unknown,directionality_not_established_inventory_only
QSB-PLANCK-BRIDGE-RESONATOR-INDEPENDENT-LAG-VARIABLE-ADMISSIBILITY-EXECUTION-01,CAND-0053,unknown,unknown,false,unknown,directionality_not_established_inventory_only
QSB-PLANCK-BRIDGE-RESONATOR-INDEPENDENT-LAG-VARIABLE-ADMISSIBILITY-EXECUTION-01,CAND-0054,unknown,unknown,false,unknown,directionality_not_established_inventory_only
QSB-PLANCK-BRIDGE-RESONATOR-INDEPENDENT-LAG-VARIABLE-ADMISSIBILITY-EXECUTION-01,CAND-0055,unknown,unknown,false,unknown,directionality_not_established_inventory_only
QSB-PLANCK-BRIDGE-RESONATOR-INDEPENDENT-LAG-VARIABLE-ADMISSIBILITY-EXECUTION-01,CAND-0056,unknown,unknown,false,unknown,directionality_not_established_inventory_only
QSB-PLANCK-BRIDGE-RESONATOR-INDEPENDENT-LAG-VARIABLE-ADMISSIBILITY-EXECUTION-01,CAND-0057,unknown,unknown,false,unknown,directionality_not_established_inventory_only
QSB-PLANCK-BRIDGE-RESONATOR-INDEPENDENT-LAG-VARIABLE-ADMISSIBILITY-EXECUTION-01,CAND-0058,unknown,unknown,false,unknown,directionality_not_established_inventory_only
QSB-PLANCK-BRIDGE-RESONATOR-INDEPENDENT-LAG-VARIABLE-ADMISSIBILITY-EXECUTION-01,CAND-0059,unknown,unknown,false,unknown,directionality_not_established_inventory_only
QSB-PLANCK-BRIDGE-RESONATOR-INDEPENDENT-LAG-VARIABLE-ADMISSIBILITY-EXECUTION-01,CAND-0060,unknown,unknown,false,unknown,directionality_not_established_inventory_only
QSB-PLANCK-BRIDGE-RESONATOR-INDEPENDENT-LAG-VARIABLE-ADMISSIBILITY-EXECUTION-01,CAND-0061,unknown,unknown,false,unknown,directionality_not_established_inventory_only
QSB-PLANCK-BRIDGE-RESONATOR-INDEPENDENT-LAG-VARIABLE-ADMISSIBILITY-EXECUTION-01,CAND-0062,unknown,unknown,false,unknown,directionality_not_established_inventory_only
QSB-PLANCK-BRIDGE-RESONATOR-INDEPENDENT-LAG-VARIABLE-ADMISSIBILITY-EXECUTION-01,CAND-0063,unknown,unknown,false,unknown,directionality_not_established_inventory_only
QSB-PLANCK-BRIDGE-RESONATOR-INDEPENDENT-LAG-VARIABLE-ADMISSIBILITY-EXECUTION-01,CAND-0064,unknown,unknown,false,unknown,directionality_not_established_inventory_only
QSB-PLANCK-BRIDGE-RESONATOR-INDEPENDENT-LAG-VARIABLE-ADMISSIBILITY-EXECUTION-01,CAND-0065,unknown,unknown,false,unknown,directionality_not_established_inventory_only
QSB-PLANCK-BRIDGE-RESONATOR-INDEPENDENT-LAG-VARIABLE-ADMISSIBILITY-EXECUTION-01,CAND-0066,unknown,unknown,false,unknown,directionality_not_established_inventory_only
QSB-PLANCK-BRIDGE-RESONATOR-INDEPENDENT-LAG-VARIABLE-ADMISSIBILITY-EXECUTION-01,CAND-0067,unknown,unknown,false,unknown,directionality_not_established_inventory_only
QSB-PLANCK-BRIDGE-RESONATOR-INDEPENDENT-LAG-VARIABLE-ADMISSIBILITY-EXECUTION-01,CAND-0068,unknown,unknown,false,unknown,directionality_not_established_inventory_only
QSB-PLANCK-BRIDGE-RESONATOR-INDEPENDENT-LAG-VARIABLE-ADMISSIBILITY-EXECUTION-01,CAND-0069,unknown,unknown,false,unknown,directionality_not_established_inventory_only
QSB-PLANCK-BRIDGE-RESONATOR-INDEPENDENT-LAG-VARIABLE-ADMISSIBILITY-EXECUTION-01,CAND-0070,unknown,unknown,false,unknown,directionality_not_established_inventory_only
QSB-PLANCK-BRIDGE-RESONATOR-INDEPENDENT-LAG-VARIABLE-ADMISSIBILITY-EXECUTION-01,CAND-0071,unknown,unknown,false,unknown,directionality_not_established_inventory_only
QSB-PLANCK-BRIDGE-RESONATOR-INDEPENDENT-LAG-VARIABLE-ADMISSIBILITY-EXECUTION-01,CAND-0072,unknown,unknown,false,unknown,directionality_not_established_inventory_only
QSB-PLANCK-BRIDGE-RESONATOR-INDEPENDENT-LAG-VARIABLE-ADMISSIBILITY-EXECUTION-01,CAND-0073,unknown,unknown,false,unknown,directionality_not_established_inventory_only
QSB-PLANCK-BRIDGE-RESONATOR-INDEPENDENT-LAG-VARIABLE-ADMISSIBILITY-EXECUTION-01,CAND-0074,unknown,unknown,false,unknown,directionality_not_established_inventory_only
QSB-PLANCK-BRIDGE-RESONATOR-INDEPENDENT-LAG-VARIABLE-ADMISSIBILITY-EXECUTION-01,CAND-0075,unknown,unknown,false,unknown,directionality_not_established_inventory_only
QSB-PLANCK-BRIDGE-RESONATOR-INDEPENDENT-LAG-VARIABLE-ADMISSIBILITY-EXECUTION-01,CAND-0076,unknown,unknown,false,unknown,directionality_not_established_inventory_only
QSB-PLANCK-BRIDGE-RESONATOR-INDEPENDENT-LAG-VARIABLE-ADMISSIBILITY-EXECUTION-01,CAND-0077,unknown,unknown,false,unknown,directionality_not_established_inventory_only
QSB-PLANCK-BRIDGE-RESONATOR-INDEPENDENT-LAG-VARIABLE-ADMISSIBILITY-EXECUTION-01,CAND-0078,unknown,unknown,false,unknown,directionality_not_established_inventory_only
QSB-PLANCK-BRIDGE-RESONATOR-INDEPENDENT-LAG-VARIABLE-ADMISSIBILITY-EXECUTION-01,CAND-0079,unknown,unknown,false,unknown,directionality_not_established_inventory_only
QSB-PLANCK-BRIDGE-RESONATOR-INDEPENDENT-LAG-VARIABLE-ADMISSIBILITY-EXECUTION-01,CAND-0080,unknown,unknown,false,unknown,directionality_not_established_inventory_only
QSB-PLANCK-BRIDGE-RESONATOR-INDEPENDENT-LAG-VARIABLE-ADMISSIBILITY-EXECUTION-01,CAND-0081,unknown,unknown,false,unknown,directionality_not_established_inventory_only
QSB-PLANCK-BRIDGE-RESONATOR-INDEPENDENT-LAG-VARIABLE-ADMISSIBILITY-EXECUTION-01,CAND-0082,unknown,unknown,false,unknown,directionality_not_established_inventory_only
QSB-PLANCK-BRIDGE-RESONATOR-INDEPENDENT-LAG-VARIABLE-ADMISSIBILITY-EXECUTION-01,CAND-0083,unknown,unknown,false,unknown,directionality_not_established_inventory_only
QSB-PLANCK-BRIDGE-RESONATOR-INDEPENDENT-LAG-VARIABLE-ADMISSIBILITY-EXECUTION-01,CAND-0084,unknown,unknown,false,unknown,directionality_not_established_inventory_only
QSB-PLANCK-BRIDGE-RESONATOR-INDEPENDENT-LAG-VARIABLE-ADMISSIBILITY-EXECUTION-01,CAND-0085,unknown,unknown,false,unknown,directionality_not_established_inventory_only
QSB-PLANCK-BRIDGE-RESONATOR-INDEPENDENT-LAG-VARIABLE-ADMISSIBILITY-EXECUTION-01,CAND-0086,unknown,unknown,false,unknown,directionality_not_established_inventory_only
QSB-PLANCK-BRIDGE-RESONATOR-INDEPENDENT-LAG-VARIABLE-ADMISSIBILITY-EXECUTION-01,CAND-0087,unknown,unknown,false,unknown,directionality_not_established_inventory_only
QSB-PLANCK-BRIDGE-RESONATOR-INDEPENDENT-LAG-VARIABLE-ADMISSIBILITY-EXECUTION-01,CAND-0088,unknown,unknown,false,unknown,directionality_not_established_inventory_only
QSB-PLANCK-BRIDGE-RESONATOR-INDEPENDENT-LAG-VARIABLE-ADMISSIBILITY-EXECUTION-01,CAND-0089,unknown,unknown,false,unknown,directionality_not_established_inventory_only
QSB-PLANCK-BRIDGE-RESONATOR-INDEPENDENT-LAG-VARIABLE-ADMISSIBILITY-EXECUTION-01,CAND-0090,unknown,unknown,false,unknown,directionality_not_established_inventory_only
QSB-PLANCK-BRIDGE-RESONATOR-INDEPENDENT-LAG-VARIABLE-ADMISSIBILITY-EXECUTION-01,CAND-0091,unknown,unknown,false,unknown,directionality_not_established_inventory_only
QSB-PLANCK-BRIDGE-RESONATOR-INDEPENDENT-LAG-VARIABLE-ADMISSIBILITY-EXECUTION-01,CAND-0092,unknown,unknown,false,unknown,directionality_not_established_inventory_only
QSB-PLANCK-BRIDGE-RESONATOR-INDEPENDENT-LAG-VARIABLE-ADMISSIBILITY-EXECUTION-01,CAND-0093,unknown,unknown,false,unknown,directionality_not_established_inventory_only
QSB-PLANCK-BRIDGE-RESONATOR-INDEPENDENT-LAG-VARIABLE-ADMISSIBILITY-EXECUTION-01,CAND-0094,unknown,unknown,false,unknown,directionality_not_established_inventory_only
QSB-PLANCK-BRIDGE-RESONATOR-INDEPENDENT-LAG-VARIABLE-ADMISSIBILITY-EXECUTION-01,CAND-0095,unknown,unknown,false,unknown,directionality_not_established_inventory_only
QSB-PLANCK-BRIDGE-RESONATOR-INDEPENDENT-LAG-VARIABLE-ADMISSIBILITY-EXECUTION-01,CAND-0096,unknown,unknown,false,unknown,directionality_not_established_inventory_only
QSB-PLANCK-BRIDGE-RESONATOR-INDEPENDENT-LAG-VARIABLE-ADMISSIBILITY-EXECUTION-01,CAND-0097,unknown,unknown,false,unknown,directionality_not_established_inventory_only
QSB-PLANCK-BRIDGE-RESONATOR-INDEPENDENT-LAG-VARIABLE-ADMISSIBILITY-EXECUTION-01,CAND-0098,unknown,unknown,false,unknown,directionality_not_established_inventory_only
QSB-PLANCK-BRIDGE-RESONATOR-INDEPENDENT-LAG-VARIABLE-ADMISSIBILITY-EXECUTION-01,CAND-0099,unknown,unknown,false,unknown,directionality_not_established_inventory_only
QSB-PLANCK-BRIDGE-RESONATOR-INDEPENDENT-LAG-VARIABLE-ADMISSIBILITY-EXECUTION-01,CAND-0100,unknown,unknown,false,unknown,directionality_not_established_inventory_only
QSB-PLANCK-BRIDGE-RESONATOR-INDEPENDENT-LAG-VARIABLE-ADMISSIBILITY-EXECUTION-01,CAND-0101,unknown,unknown,false,unknown,directionality_not_established_inventory_only
QSB-PLANCK-BRIDGE-RESONATOR-INDEPENDENT-LAG-VARIABLE-ADMISSIBILITY-EXECUTION-01,CAND-0102,unknown,unknown,false,unknown,directionality_not_established_inventory_only
QSB-PLANCK-BRIDGE-RESONATOR-INDEPENDENT-LAG-VARIABLE-ADMISSIBILITY-EXECUTION-01,CAND-0103,unknown,unknown,false,unknown,directionality_not_established_inventory_only
QSB-PLANCK-BRIDGE-RESONATOR-INDEPENDENT-LAG-VARIABLE-ADMISSIBILITY-EXECUTION-01,CAND-0104,unknown,unknown,false,unknown,directionality_not_established_inventory_only
QSB-PLANCK-BRIDGE-RESONATOR-INDEPENDENT-LAG-VARIABLE-ADMISSIBILITY-EXECUTION-01,CAND-0105,unknown,unknown,false,unknown,directionality_not_established_inventory_only
QSB-PLANCK-BRIDGE-RESONATOR-INDEPENDENT-LAG-VARIABLE-ADMISSIBILITY-EXECUTION-01,CAND-0106,unknown,unknown,false,unknown,directionality_not_established_inventory_only
QSB-PLANCK-BRIDGE-RESONATOR-INDEPENDENT-LAG-VARIABLE-ADMISSIBILITY-EXECUTION-01,CAND-0107,unknown,unknown,false,unknown,directionality_not_established_inventory_only
QSB-PLANCK-BRIDGE-RESONATOR-INDEPENDENT-LAG-VARIABLE-ADMISSIBILITY-EXECUTION-01,CAND-0108,unknown,unknown,false,unknown,directionality_not_established_inventory_only
QSB-PLANCK-BRIDGE-RESONATOR-INDEPENDENT-LAG-VARIABLE-ADMISSIBILITY-EXECUTION-01,CAND-0109,unknown,unknown,false,unknown,directionality_not_established_inventory_only
QSB-PLANCK-BRIDGE-RESONATOR-INDEPENDENT-LAG-VARIABLE-ADMISSIBILITY-EXECUTION-01,CAND-0110,unknown,unknown,false,unknown,directionality_not_established_inventory_only
QSB-PLANCK-BRIDGE-RESONATOR-INDEPENDENT-LAG-VARIABLE-ADMISSIBILITY-EXECUTION-01,CAND-0111,unknown,unknown,false,unknown,directionality_not_established_inventory_only
QSB-PLANCK-BRIDGE-RESONATOR-INDEPENDENT-LAG-VARIABLE-ADMISSIBILITY-EXECUTION-01,CAND-0112,unknown,unknown,false,unknown,directionality_not_established_inventory_only
QSB-PLANCK-BRIDGE-RESONATOR-INDEPENDENT-LAG-VARIABLE-ADMISSIBILITY-EXECUTION-01,CAND-0113,unknown,unknown,false,unknown,directionality_not_established_inventory_only
QSB-PLANCK-BRIDGE-RESONATOR-INDEPENDENT-LAG-VARIABLE-ADMISSIBILITY-EXECUTION-01,CAND-0114,unknown,unknown,false,unknown,directionality_not_established_inventory_only
QSB-PLANCK-BRIDGE-RESONATOR-INDEPENDENT-LAG-VARIABLE-ADMISSIBILITY-EXECUTION-01,CAND-0115,unknown,unknown,false,unknown,directionality_not_established_inventory_only
QSB-PLANCK-BRIDGE-RESONATOR-INDEPENDENT-LAG-VARIABLE-ADMISSIBILITY-EXECUTION-01,CAND-0116,unknown,unknown,false,unknown,directionality_not_established_inventory_only
QSB-PLANCK-BRIDGE-RESONATOR-INDEPENDENT-LAG-VARIABLE-ADMISSIBILITY-EXECUTION-01,CAND-0117,unknown,unknown,false,unknown,directionality_not_established_inventory_only
QSB-PLANCK-BRIDGE-RESONATOR-INDEPENDENT-LAG-VARIABLE-ADMISSIBILITY-EXECUTION-01,CAND-0118,unknown,unknown,false,unknown,directionality_not_established_inventory_only
QSB-PLANCK-BRIDGE-RESONATOR-INDEPENDENT-LAG-VARIABLE-ADMISSIBILITY-EXECUTION-01,CAND-0119,unknown,unknown,false,unknown,directionality_not_established_inventory_only
QSB-PLANCK-BRIDGE-RESONATOR-INDEPENDENT-LAG-VARIABLE-ADMISSIBILITY-EXECUTION-01,CAND-0120,unknown,unknown,false,unknown,directionality_not_established_inventory_only
QSB-PLANCK-BRIDGE-RESONATOR-INDEPENDENT-LAG-VARIABLE-ADMISSIBILITY-EXECUTION-01,CAND-0121,unknown,unknown,false,unknown,directionality_not_established_inventory_only
QSB-PLANCK-BRIDGE-RESONATOR-INDEPENDENT-LAG-VARIABLE-ADMISSIBILITY-EXECUTION-01,CAND-0122,unknown,unknown,false,unknown,directionality_not_established_inventory_only
QSB-PLANCK-BRIDGE-RESONATOR-INDEPENDENT-LAG-VARIABLE-ADMISSIBILITY-EXECUTION-01,CAND-0123,unknown,unknown,false,unknown,directionality_not_established_inventory_only
QSB-PLANCK-BRIDGE-RESONATOR-INDEPENDENT-LAG-VARIABLE-ADMISSIBILITY-EXECUTION-01,CAND-0124,unknown,unknown,false,unknown,directionality_not_established_inventory_only
QSB-PLANCK-BRIDGE-RESONATOR-INDEPENDENT-LAG-VARIABLE-ADMISSIBILITY-EXECUTION-01,CAND-0125,unknown,unknown,false,unknown,directionality_not_established_inventory_only
QSB-PLANCK-BRIDGE-RESONATOR-INDEPENDENT-LAG-VARIABLE-ADMISSIBILITY-EXECUTION-01,CAND-0126,unknown,unknown,false,unknown,directionality_not_established_inventory_only
QSB-PLANCK-BRIDGE-RESONATOR-INDEPENDENT-LAG-VARIABLE-ADMISSIBILITY-EXECUTION-01,CAND-0127,unknown,unknown,false,unknown,directionality_not_established_inventory_only
QSB-PLANCK-BRIDGE-RESONATOR-INDEPENDENT-LAG-VARIABLE-ADMISSIBILITY-EXECUTION-01,CAND-0128,unknown,unknown,false,unknown,directionality_not_established_inventory_only
QSB-PLANCK-BRIDGE-RESONATOR-INDEPENDENT-LAG-VARIABLE-ADMISSIBILITY-EXECUTION-01,CAND-0129,unknown,unknown,false,unknown,directionality_not_established_inventory_only
QSB-PLANCK-BRIDGE-RESONATOR-INDEPENDENT-LAG-VARIABLE-ADMISSIBILITY-EXECUTION-01,CAND-0130,unknown,unknown,false,unknown,directionality_not_established_inventory_only
QSB-PLANCK-BRIDGE-RESONATOR-INDEPENDENT-LAG-VARIABLE-ADMISSIBILITY-EXECUTION-01,CAND-0131,unknown,unknown,false,unknown,directionality_not_established_inventory_only
QSB-PLANCK-BRIDGE-RESONATOR-INDEPENDENT-LAG-VARIABLE-ADMISSIBILITY-EXECUTION-01,CAND-0132,unknown,unknown,false,unknown,directionality_not_established_inventory_only
QSB-PLANCK-BRIDGE-RESONATOR-INDEPENDENT-LAG-VARIABLE-ADMISSIBILITY-EXECUTION-01,CAND-0133,unknown,unknown,false,unknown,directionality_not_established_inventory_only
QSB-PLANCK-BRIDGE-RESONATOR-INDEPENDENT-LAG-VARIABLE-ADMISSIBILITY-EXECUTION-01,CAND-0134,unknown,unknown,false,unknown,directionality_not_established_inventory_only
QSB-PLANCK-BRIDGE-RESONATOR-INDEPENDENT-LAG-VARIABLE-ADMISSIBILITY-EXECUTION-01,CAND-0135,unknown,unknown,false,unknown,directionality_not_established_inventory_only
QSB-PLANCK-BRIDGE-RESONATOR-INDEPENDENT-LAG-VARIABLE-ADMISSIBILITY-EXECUTION-01,CAND-0136,unknown,unknown,false,unknown,directionality_not_established_inventory_only
QSB-PLANCK-BRIDGE-RESONATOR-INDEPENDENT-LAG-VARIABLE-ADMISSIBILITY-EXECUTION-01,CAND-0137,unknown,unknown,false,unknown,directionality_not_established_inventory_only
QSB-PLANCK-BRIDGE-RESONATOR-INDEPENDENT-LAG-VARIABLE-ADMISSIBILITY-EXECUTION-01,CAND-0138,unknown,unknown,false,unknown,directionality_not_established_inventory_only
QSB-PLANCK-BRIDGE-RESONATOR-INDEPENDENT-LAG-VARIABLE-ADMISSIBILITY-EXECUTION-01,CAND-0139,unknown,unknown,false,unknown,directionality_not_established_inventory_only
QSB-PLANCK-BRIDGE-RESONATOR-INDEPENDENT-LAG-VARIABLE-ADMISSIBILITY-EXECUTION-01,CAND-0140,unknown,unknown,false,unknown,directionality_not_established_inventory_only
QSB-PLANCK-BRIDGE-RESONATOR-INDEPENDENT-LAG-VARIABLE-ADMISSIBILITY-EXECUTION-01,CAND-0141,unknown,unknown,false,unknown,directionality_not_established_inventory_only
QSB-PLANCK-BRIDGE-RESONATOR-INDEPENDENT-LAG-VARIABLE-ADMISSIBILITY-EXECUTION-01,CAND-0142,unknown,unknown,false,unknown,directionality_not_established_inventory_only
QSB-PLANCK-BRIDGE-RESONATOR-INDEPENDENT-LAG-VARIABLE-ADMISSIBILITY-EXECUTION-01,CAND-0143,unknown,unknown,false,unknown,directionality_not_established_inventory_only
QSB-PLANCK-BRIDGE-RESONATOR-INDEPENDENT-LAG-VARIABLE-ADMISSIBILITY-EXECUTION-01,CAND-0144,unknown,unknown,false,unknown,directionality_not_established_inventory_only
QSB-PLANCK-BRIDGE-RESONATOR-INDEPENDENT-LAG-VARIABLE-ADMISSIBILITY-EXECUTION-01,CAND-0145,unknown,unknown,false,unknown,directionality_not_established_inventory_only
QSB-PLANCK-BRIDGE-RESONATOR-INDEPENDENT-LAG-VARIABLE-ADMISSIBILITY-EXECUTION-01,CAND-0146,unknown,unknown,false,unknown,directionality_not_established_inventory_only
QSB-PLANCK-BRIDGE-RESONATOR-INDEPENDENT-LAG-VARIABLE-ADMISSIBILITY-EXECUTION-01,CAND-0147,unknown,unknown,false,unknown,directionality_not_established_inventory_only
QSB-PLANCK-BRIDGE-RESONATOR-INDEPENDENT-LAG-VARIABLE-ADMISSIBILITY-EXECUTION-01,CAND-0148,unknown,unknown,false,unknown,directionality_not_established_inventory_only
QSB-PLANCK-BRIDGE-RESONATOR-INDEPENDENT-LAG-VARIABLE-ADMISSIBILITY-EXECUTION-01,CAND-0149,unknown,unknown,false,unknown,directionality_not_established_inventory_only
QSB-PLANCK-BRIDGE-RESONATOR-INDEPENDENT-LAG-VARIABLE-ADMISSIBILITY-EXECUTION-01,CAND-0150,unknown,unknown,false,unknown,directionality_not_established_inventory_only
QSB-PLANCK-BRIDGE-RESONATOR-INDEPENDENT-LAG-VARIABLE-ADMISSIBILITY-EXECUTION-01,CAND-0151,unknown,unknown,false,unknown,directionality_not_established_inventory_only
QSB-PLANCK-BRIDGE-RESONATOR-INDEPENDENT-LAG-VARIABLE-ADMISSIBILITY-EXECUTION-01,CAND-0152,unknown,unknown,false,unknown,directionality_not_established_inventory_only
QSB-PLANCK-BRIDGE-RESONATOR-INDEPENDENT-LAG-VARIABLE-ADMISSIBILITY-EXECUTION-01,CAND-0153,unknown,unknown,false,unknown,directionality_not_established_inventory_only
QSB-PLANCK-BRIDGE-RESONATOR-INDEPENDENT-LAG-VARIABLE-ADMISSIBILITY-EXECUTION-01,CAND-0154,unknown,unknown,false,unknown,directionality_not_established_inventory_only
QSB-PLANCK-BRIDGE-RESONATOR-INDEPENDENT-LAG-VARIABLE-ADMISSIBILITY-EXECUTION-01,CAND-0155,unknown,unknown,false,unknown,directionality_not_established_inventory_only
QSB-PLANCK-BRIDGE-RESONATOR-INDEPENDENT-LAG-VARIABLE-ADMISSIBILITY-EXECUTION-01,CAND-0156,unknown,unknown,false,unknown,directionality_not_established_inventory_only
QSB-PLANCK-BRIDGE-RESONATOR-INDEPENDENT-LAG-VARIABLE-ADMISSIBILITY-EXECUTION-01,CAND-0157,unknown,unknown,false,unknown,directionality_not_established_inventory_only
QSB-PLANCK-BRIDGE-RESONATOR-INDEPENDENT-LAG-VARIABLE-ADMISSIBILITY-EXECUTION-01,CAND-0158,unknown,unknown,false,unknown,directionality_not_established_inventory_only
QSB-PLANCK-BRIDGE-RESONATOR-INDEPENDENT-LAG-VARIABLE-ADMISSIBILITY-EXECUTION-01,CAND-0159,unknown,unknown,false,unknown,directionality_not_established_inventory_only
QSB-PLANCK-BRIDGE-RESONATOR-INDEPENDENT-LAG-VARIABLE-ADMISSIBILITY-EXECUTION-01,CAND-0160,unknown,unknown,false,unknown,directionality_not_established_inventory_only
QSB-PLANCK-BRIDGE-RESONATOR-INDEPENDENT-LAG-VARIABLE-ADMISSIBILITY-EXECUTION-01,CAND-0161,unknown,unknown,false,unknown,directionality_not_established_inventory_only
QSB-PLANCK-BRIDGE-RESONATOR-INDEPENDENT-LAG-VARIABLE-ADMISSIBILITY-EXECUTION-01,CAND-0162,unknown,unknown,false,unknown,directionality_not_established_inventory_only
QSB-PLANCK-BRIDGE-RESONATOR-INDEPENDENT-LAG-VARIABLE-ADMISSIBILITY-EXECUTION-01,CAND-0163,unknown,unknown,false,unknown,directionality_not_established_inventory_only
QSB-PLANCK-BRIDGE-RESONATOR-INDEPENDENT-LAG-VARIABLE-ADMISSIBILITY-EXECUTION-01,CAND-0164,unknown,unknown,false,unknown,directionality_not_established_inventory_only
QSB-PLANCK-BRIDGE-RESONATOR-INDEPENDENT-LAG-VARIABLE-ADMISSIBILITY-EXECUTION-01,CAND-0165,unknown,unknown,false,unknown,directionality_not_established_inventory_only
QSB-PLANCK-BRIDGE-RESONATOR-INDEPENDENT-LAG-VARIABLE-ADMISSIBILITY-EXECUTION-01,CAND-0166,unknown,unknown,false,unknown,directionality_not_established_inventory_only
QSB-PLANCK-BRIDGE-RESONATOR-INDEPENDENT-LAG-VARIABLE-ADMISSIBILITY-EXECUTION-01,CAND-0167,unknown,unknown,false,unknown,directionality_not_established_inventory_only
QSB-PLANCK-BRIDGE-RESONATOR-INDEPENDENT-LAG-VARIABLE-ADMISSIBILITY-EXECUTION-01,CAND-0168,unknown,unknown,false,unknown,directionality_not_established_inventory_only
QSB-PLANCK-BRIDGE-RESONATOR-INDEPENDENT-LAG-VARIABLE-ADMISSIBILITY-EXECUTION-01,CAND-0169,unknown,unknown,false,unknown,directionality_not_established_inventory_only
QSB-PLANCK-BRIDGE-RESONATOR-INDEPENDENT-LAG-VARIABLE-ADMISSIBILITY-EXECUTION-01,CAND-0170,unknown,unknown,false,unknown,directionality_not_established_inventory_only
QSB-PLANCK-BRIDGE-RESONATOR-INDEPENDENT-LAG-VARIABLE-ADMISSIBILITY-EXECUTION-01,CAND-0171,unknown,unknown,false,unknown,directionality_not_established_inventory_only
QSB-PLANCK-BRIDGE-RESONATOR-INDEPENDENT-LAG-VARIABLE-ADMISSIBILITY-EXECUTION-01,CAND-0172,unknown,unknown,false,unknown,directionality_not_established_inventory_only
QSB-PLANCK-BRIDGE-RESONATOR-INDEPENDENT-LAG-VARIABLE-ADMISSIBILITY-EXECUTION-01,CAND-0173,unknown,unknown,false,unknown,directionality_not_established_inventory_only
QSB-PLANCK-BRIDGE-RESONATOR-INDEPENDENT-LAG-VARIABLE-ADMISSIBILITY-EXECUTION-01,CAND-0174,unknown,unknown,false,unknown,directionality_not_established_inventory_only
QSB-PLANCK-BRIDGE-RESONATOR-INDEPENDENT-LAG-VARIABLE-ADMISSIBILITY-EXECUTION-01,CAND-0175,unknown,unknown,false,unknown,directionality_not_established_inventory_only
QSB-PLANCK-BRIDGE-RESONATOR-INDEPENDENT-LAG-VARIABLE-ADMISSIBILITY-EXECUTION-01,CAND-0176,unknown,unknown,false,unknown,directionality_not_established_inventory_only
QSB-PLANCK-BRIDGE-RESONATOR-INDEPENDENT-LAG-VARIABLE-ADMISSIBILITY-EXECUTION-01,CAND-0177,unknown,unknown,false,unknown,directionality_not_established_inventory_only
QSB-PLANCK-BRIDGE-RESONATOR-INDEPENDENT-LAG-VARIABLE-ADMISSIBILITY-EXECUTION-01,CAND-0178,unknown,unknown,false,unknown,directionality_not_established_inventory_only
QSB-PLANCK-BRIDGE-RESONATOR-INDEPENDENT-LAG-VARIABLE-ADMISSIBILITY-EXECUTION-01,CAND-0179,unknown,unknown,false,unknown,directionality_not_established_inventory_only
QSB-PLANCK-BRIDGE-RESONATOR-INDEPENDENT-LAG-VARIABLE-ADMISSIBILITY-EXECUTION-01,CAND-0180,unknown,unknown,false,unknown,directionality_not_established_inventory_only
QSB-PLANCK-BRIDGE-RESONATOR-INDEPENDENT-LAG-VARIABLE-ADMISSIBILITY-EXECUTION-01,CAND-0181,unknown,unknown,false,unknown,directionality_not_established_inventory_only
QSB-PLANCK-BRIDGE-RESONATOR-INDEPENDENT-LAG-VARIABLE-ADMISSIBILITY-EXECUTION-01,CAND-0182,unknown,unknown,false,unknown,directionality_not_established_inventory_only
QSB-PLANCK-BRIDGE-RESONATOR-INDEPENDENT-LAG-VARIABLE-ADMISSIBILITY-EXECUTION-01,CAND-0183,unknown,unknown,false,unknown,directionality_not_established_inventory_only
QSB-PLANCK-BRIDGE-RESONATOR-INDEPENDENT-LAG-VARIABLE-ADMISSIBILITY-EXECUTION-01,CAND-0184,unknown,unknown,false,unknown,directionality_not_established_inventory_only
QSB-PLANCK-BRIDGE-RESONATOR-INDEPENDENT-LAG-VARIABLE-ADMISSIBILITY-EXECUTION-01,CAND-0185,unknown,unknown,false,unknown,directionality_not_established_inventory_only
QSB-PLANCK-BRIDGE-RESONATOR-INDEPENDENT-LAG-VARIABLE-ADMISSIBILITY-EXECUTION-01,CAND-0186,unknown,unknown,false,unknown,directionality_not_established_inventory_only
QSB-PLANCK-BRIDGE-RESONATOR-INDEPENDENT-LAG-VARIABLE-ADMISSIBILITY-EXECUTION-01,CAND-0187,unknown,unknown,false,unknown,directionality_not_established_inventory_only
QSB-PLANCK-BRIDGE-RESONATOR-INDEPENDENT-LAG-VARIABLE-ADMISSIBILITY-EXECUTION-01,CAND-0188,unknown,unknown,false,unknown,directionality_not_established_inventory_only
QSB-PLANCK-BRIDGE-RESONATOR-INDEPENDENT-LAG-VARIABLE-ADMISSIBILITY-EXECUTION-01,CAND-0189,unknown,unknown,false,unknown,directionality_not_established_inventory_only
QSB-PLANCK-BRIDGE-RESONATOR-INDEPENDENT-LAG-VARIABLE-ADMISSIBILITY-EXECUTION-01,CAND-0190,unknown,unknown,false,unknown,directionality_not_established_inventory_only
QSB-PLANCK-BRIDGE-RESONATOR-INDEPENDENT-LAG-VARIABLE-ADMISSIBILITY-EXECUTION-01,CAND-0191,unknown,unknown,false,unknown,directionality_not_established_inventory_only
QSB-PLANCK-BRIDGE-RESONATOR-INDEPENDENT-LAG-VARIABLE-ADMISSIBILITY-EXECUTION-01,CAND-0192,unknown,unknown,false,unknown,directionality_not_established_inventory_only
QSB-PLANCK-BRIDGE-RESONATOR-INDEPENDENT-LAG-VARIABLE-ADMISSIBILITY-EXECUTION-01,CAND-0193,unknown,unknown,false,unknown,directionality_not_established_inventory_only
QSB-PLANCK-BRIDGE-RESONATOR-INDEPENDENT-LAG-VARIABLE-ADMISSIBILITY-EXECUTION-01,CAND-0194,unknown,unknown,false,unknown,directionality_not_established_inventory_only
QSB-PLANCK-BRIDGE-RESONATOR-INDEPENDENT-LAG-VARIABLE-ADMISSIBILITY-EXECUTION-01,CAND-0195,unknown,unknown,false,unknown,directionality_not_established_inventory_only
QSB-PLANCK-BRIDGE-RESONATOR-INDEPENDENT-LAG-VARIABLE-ADMISSIBILITY-EXECUTION-01,CAND-0196,unknown,unknown,false,unknown,directionality_not_established_inventory_only
QSB-PLANCK-BRIDGE-RESONATOR-INDEPENDENT-LAG-VARIABLE-ADMISSIBILITY-EXECUTION-01,CAND-0197,unknown,unknown,false,unknown,directionality_not_established_inventory_only
QSB-PLANCK-BRIDGE-RESONATOR-INDEPENDENT-LAG-VARIABLE-ADMISSIBILITY-EXECUTION-01,CAND-0198,unknown,unknown,false,unknown,directionality_not_established_inventory_only
QSB-PLANCK-BRIDGE-RESONATOR-INDEPENDENT-LAG-VARIABLE-ADMISSIBILITY-EXECUTION-01,CAND-0199,unknown,unknown,false,unknown,directionality_not_established_inventory_only
QSB-PLANCK-BRIDGE-RESONATOR-INDEPENDENT-LAG-VARIABLE-ADMISSIBILITY-EXECUTION-01,CAND-0200,unknown,unknown,false,unknown,directionality_not_established_inventory_only
QSB-PLANCK-BRIDGE-RESONATOR-INDEPENDENT-LAG-VARIABLE-ADMISSIBILITY-EXECUTION-01,CAND-0201,unknown,unknown,false,unknown,directionality_not_established_inventory_only
QSB-PLANCK-BRIDGE-RESONATOR-INDEPENDENT-LAG-VARIABLE-ADMISSIBILITY-EXECUTION-01,CAND-0202,unknown,unknown,false,unknown,directionality_not_established_inventory_only
QSB-PLANCK-BRIDGE-RESONATOR-INDEPENDENT-LAG-VARIABLE-ADMISSIBILITY-EXECUTION-01,CAND-0203,unknown,unknown,false,unknown,directionality_not_established_inventory_only
QSB-PLANCK-BRIDGE-RESONATOR-INDEPENDENT-LAG-VARIABLE-ADMISSIBILITY-EXECUTION-01,CAND-0204,unknown,unknown,false,unknown,directionality_not_established_inventory_only
QSB-PLANCK-BRIDGE-RESONATOR-INDEPENDENT-LAG-VARIABLE-ADMISSIBILITY-EXECUTION-01,CAND-0205,unknown,unknown,false,unknown,directionality_not_established_inventory_only
QSB-PLANCK-BRIDGE-RESONATOR-INDEPENDENT-LAG-VARIABLE-ADMISSIBILITY-EXECUTION-01,CAND-0206,unknown,unknown,false,unknown,directionality_not_established_inventory_only
QSB-PLANCK-BRIDGE-RESONATOR-INDEPENDENT-LAG-VARIABLE-ADMISSIBILITY-EXECUTION-01,CAND-0207,unknown,unknown,false,unknown,directionality_not_established_inventory_only
QSB-PLANCK-BRIDGE-RESONATOR-INDEPENDENT-LAG-VARIABLE-ADMISSIBILITY-EXECUTION-01,CAND-0208,unknown,unknown,false,unknown,directionality_not_established_inventory_only
QSB-PLANCK-BRIDGE-RESONATOR-INDEPENDENT-LAG-VARIABLE-ADMISSIBILITY-EXECUTION-01,CAND-0209,unknown,unknown,false,unknown,directionality_not_established_inventory_only
QSB-PLANCK-BRIDGE-RESONATOR-INDEPENDENT-LAG-VARIABLE-ADMISSIBILITY-EXECUTION-01,CAND-0210,unknown,unknown,false,unknown,directionality_not_established_inventory_only
QSB-PLANCK-BRIDGE-RESONATOR-INDEPENDENT-LAG-VARIABLE-ADMISSIBILITY-EXECUTION-01,CAND-0211,unknown,unknown,false,unknown,directionality_not_established_inventory_only
QSB-PLANCK-BRIDGE-RESONATOR-INDEPENDENT-LAG-VARIABLE-ADMISSIBILITY-EXECUTION-01,CAND-0212,unknown,unknown,false,unknown,directionality_not_established_inventory_only
QSB-PLANCK-BRIDGE-RESONATOR-INDEPENDENT-LAG-VARIABLE-ADMISSIBILITY-EXECUTION-01,CAND-0213,unknown,unknown,false,unknown,directionality_not_established_inventory_only
QSB-PLANCK-BRIDGE-RESONATOR-INDEPENDENT-LAG-VARIABLE-ADMISSIBILITY-EXECUTION-01,CAND-0214,unknown,unknown,false,unknown,directionality_not_established_inventory_only
QSB-PLANCK-BRIDGE-RESONATOR-INDEPENDENT-LAG-VARIABLE-ADMISSIBILITY-EXECUTION-01,CAND-0215,unknown,unknown,false,unknown,directionality_not_established_inventory_only
QSB-PLANCK-BRIDGE-RESONATOR-INDEPENDENT-LAG-VARIABLE-ADMISSIBILITY-EXECUTION-01,CAND-0216,unknown,unknown,false,unknown,directionality_not_established_inventory_only
QSB-PLANCK-BRIDGE-RESONATOR-INDEPENDENT-LAG-VARIABLE-ADMISSIBILITY-EXECUTION-01,CAND-0217,unknown,unknown,false,unknown,directionality_not_established_inventory_only
QSB-PLANCK-BRIDGE-RESONATOR-INDEPENDENT-LAG-VARIABLE-ADMISSIBILITY-EXECUTION-01,CAND-0218,unknown,unknown,false,unknown,directionality_not_established_inventory_only
QSB-PLANCK-BRIDGE-RESONATOR-INDEPENDENT-LAG-VARIABLE-ADMISSIBILITY-EXECUTION-01,CAND-0219,unknown,unknown,false,unknown,directionality_not_established_inventory_only
QSB-PLANCK-BRIDGE-RESONATOR-INDEPENDENT-LAG-VARIABLE-ADMISSIBILITY-EXECUTION-01,CAND-0220,unknown,unknown,false,unknown,directionality_not_established_inventory_only
QSB-PLANCK-BRIDGE-RESONATOR-INDEPENDENT-LAG-VARIABLE-ADMISSIBILITY-EXECUTION-01,CAND-0221,unknown,unknown,false,unknown,directionality_not_established_inventory_only
QSB-PLANCK-BRIDGE-RESONATOR-INDEPENDENT-LAG-VARIABLE-ADMISSIBILITY-EXECUTION-01,CAND-0222,unknown,unknown,false,unknown,directionality_not_established_inventory_only
QSB-PLANCK-BRIDGE-RESONATOR-INDEPENDENT-LAG-VARIABLE-ADMISSIBILITY-EXECUTION-01,CAND-0223,unknown,unknown,false,unknown,directionality_not_established_inventory_only
QSB-PLANCK-BRIDGE-RESONATOR-INDEPENDENT-LAG-VARIABLE-ADMISSIBILITY-EXECUTION-01,CAND-0224,unknown,unknown,false,unknown,directionality_not_established_inventory_only
QSB-PLANCK-BRIDGE-RESONATOR-INDEPENDENT-LAG-VARIABLE-ADMISSIBILITY-EXECUTION-01,CAND-0225,unknown,unknown,false,unknown,directionality_not_established_inventory_only
QSB-PLANCK-BRIDGE-RESONATOR-INDEPENDENT-LAG-VARIABLE-ADMISSIBILITY-EXECUTION-01,CAND-0226,unknown,unknown,false,unknown,directionality_not_established_inventory_only
QSB-PLANCK-BRIDGE-RESONATOR-INDEPENDENT-LAG-VARIABLE-ADMISSIBILITY-EXECUTION-01,CAND-0227,unknown,unknown,false,unknown,directionality_not_established_inventory_only
QSB-PLANCK-BRIDGE-RESONATOR-INDEPENDENT-LAG-VARIABLE-ADMISSIBILITY-EXECUTION-01,CAND-0228,unknown,unknown,false,unknown,directionality_not_established_inventory_only
QSB-PLANCK-BRIDGE-RESONATOR-INDEPENDENT-LAG-VARIABLE-ADMISSIBILITY-EXECUTION-01,CAND-0229,unknown,unknown,false,unknown,directionality_not_established_inventory_only
QSB-PLANCK-BRIDGE-RESONATOR-INDEPENDENT-LAG-VARIABLE-ADMISSIBILITY-EXECUTION-01,CAND-0230,unknown,unknown,false,unknown,directionality_not_established_inventory_only
QSB-PLANCK-BRIDGE-RESONATOR-INDEPENDENT-LAG-VARIABLE-ADMISSIBILITY-EXECUTION-01,CAND-0231,unknown,unknown,false,unknown,directionality_not_established_inventory_only
QSB-PLANCK-BRIDGE-RESONATOR-INDEPENDENT-LAG-VARIABLE-ADMISSIBILITY-EXECUTION-01,CAND-0232,unknown,unknown,false,unknown,directionality_not_established_inventory_only
QSB-PLANCK-BRIDGE-RESONATOR-INDEPENDENT-LAG-VARIABLE-ADMISSIBILITY-EXECUTION-01,CAND-0233,unknown,unknown,false,unknown,directionality_not_established_inventory_only
QSB-PLANCK-BRIDGE-RESONATOR-INDEPENDENT-LAG-VARIABLE-ADMISSIBILITY-EXECUTION-01,CAND-0234,unknown,unknown,false,unknown,directionality_not_established_inventory_only
QSB-PLANCK-BRIDGE-RESONATOR-INDEPENDENT-LAG-VARIABLE-ADMISSIBILITY-EXECUTION-01,CAND-0235,unknown,unknown,false,unknown,directionality_not_established_inventory_only
QSB-PLANCK-BRIDGE-RESONATOR-INDEPENDENT-LAG-VARIABLE-ADMISSIBILITY-EXECUTION-01,CAND-0236,unknown,unknown,false,unknown,directionality_not_established_inventory_only
QSB-PLANCK-BRIDGE-RESONATOR-INDEPENDENT-LAG-VARIABLE-ADMISSIBILITY-EXECUTION-01,CAND-0237,unknown,unknown,false,unknown,directionality_not_established_inventory_only
QSB-PLANCK-BRIDGE-RESONATOR-INDEPENDENT-LAG-VARIABLE-ADMISSIBILITY-EXECUTION-01,CAND-0238,unknown,unknown,false,unknown,directionality_not_established_inventory_only
QSB-PLANCK-BRIDGE-RESONATOR-INDEPENDENT-LAG-VARIABLE-ADMISSIBILITY-EXECUTION-01,CAND-0239,unknown,unknown,false,unknown,directionality_not_established_inventory_only
QSB-PLANCK-BRIDGE-RESONATOR-INDEPENDENT-LAG-VARIABLE-ADMISSIBILITY-EXECUTION-01,CAND-0240,unknown,unknown,false,unknown,directionality_not_established_inventory_only
QSB-PLANCK-BRIDGE-RESONATOR-INDEPENDENT-LAG-VARIABLE-ADMISSIBILITY-EXECUTION-01,CAND-0241,unknown,unknown,false,unknown,directionality_not_established_inventory_only
QSB-PLANCK-BRIDGE-RESONATOR-INDEPENDENT-LAG-VARIABLE-ADMISSIBILITY-EXECUTION-01,CAND-0242,unknown,unknown,false,unknown,directionality_not_established_inventory_only
QSB-PLANCK-BRIDGE-RESONATOR-INDEPENDENT-LAG-VARIABLE-ADMISSIBILITY-EXECUTION-01,CAND-0243,unknown,unknown,false,unknown,directionality_not_established_inventory_only
QSB-PLANCK-BRIDGE-RESONATOR-INDEPENDENT-LAG-VARIABLE-ADMISSIBILITY-EXECUTION-01,CAND-0244,unknown,unknown,false,unknown,directionality_not_established_inventory_only
QSB-PLANCK-BRIDGE-RESONATOR-INDEPENDENT-LAG-VARIABLE-ADMISSIBILITY-EXECUTION-01,CAND-0245,unknown,unknown,false,unknown,directionality_not_established_inventory_only
QSB-PLANCK-BRIDGE-RESONATOR-INDEPENDENT-LAG-VARIABLE-ADMISSIBILITY-EXECUTION-01,CAND-0246,unknown,unknown,false,unknown,directionality_not_established_inventory_only
QSB-PLANCK-BRIDGE-RESONATOR-INDEPENDENT-LAG-VARIABLE-ADMISSIBILITY-EXECUTION-01,CAND-0247,unknown,unknown,false,unknown,directionality_not_established_inventory_only
QSB-PLANCK-BRIDGE-RESONATOR-INDEPENDENT-LAG-VARIABLE-ADMISSIBILITY-EXECUTION-01,CAND-0248,unknown,unknown,false,unknown,directionality_not_established_inventory_only
QSB-PLANCK-BRIDGE-RESONATOR-INDEPENDENT-LAG-VARIABLE-ADMISSIBILITY-EXECUTION-01,CAND-0249,unknown,unknown,false,unknown,directionality_not_established_inventory_only
QSB-PLANCK-BRIDGE-RESONATOR-INDEPENDENT-LAG-VARIABLE-ADMISSIBILITY-EXECUTION-01,CAND-0250,unknown,unknown,false,unknown,directionality_not_established_inventory_only
QSB-PLANCK-BRIDGE-RESONATOR-INDEPENDENT-LAG-VARIABLE-ADMISSIBILITY-EXECUTION-01,CAND-0251,unknown,unknown,false,unknown,directionality_not_established_inventory_only
QSB-PLANCK-BRIDGE-RESONATOR-INDEPENDENT-LAG-VARIABLE-ADMISSIBILITY-EXECUTION-01,CAND-0252,unknown,unknown,false,unknown,directionality_not_established_inventory_only
QSB-PLANCK-BRIDGE-RESONATOR-INDEPENDENT-LAG-VARIABLE-ADMISSIBILITY-EXECUTION-01,CAND-0253,unknown,unknown,false,unknown,directionality_not_established_inventory_only
QSB-PLANCK-BRIDGE-RESONATOR-INDEPENDENT-LAG-VARIABLE-ADMISSIBILITY-EXECUTION-01,CAND-0254,unknown,unknown,false,unknown,directionality_not_established_inventory_only
QSB-PLANCK-BRIDGE-RESONATOR-INDEPENDENT-LAG-VARIABLE-ADMISSIBILITY-EXECUTION-01,CAND-0255,unknown,unknown,false,unknown,directionality_not_established_inventory_only
QSB-PLANCK-BRIDGE-RESONATOR-INDEPENDENT-LAG-VARIABLE-ADMISSIBILITY-EXECUTION-01,CAND-0256,unknown,unknown,false,unknown,directionality_not_established_inventory_only
QSB-PLANCK-BRIDGE-RESONATOR-INDEPENDENT-LAG-VARIABLE-ADMISSIBILITY-EXECUTION-01,CAND-0257,unknown,unknown,false,unknown,directionality_not_established_inventory_only
QSB-PLANCK-BRIDGE-RESONATOR-INDEPENDENT-LAG-VARIABLE-ADMISSIBILITY-EXECUTION-01,CAND-0258,unknown,unknown,false,unknown,directionality_not_established_inventory_only
QSB-PLANCK-BRIDGE-RESONATOR-INDEPENDENT-LAG-VARIABLE-ADMISSIBILITY-EXECUTION-01,CAND-0259,unknown,unknown,false,unknown,directionality_not_established_inventory_only
QSB-PLANCK-BRIDGE-RESONATOR-INDEPENDENT-LAG-VARIABLE-ADMISSIBILITY-EXECUTION-01,CAND-0260,unknown,unknown,false,unknown,directionality_not_established_inventory_only
