run_id,candidate_id,scramble_test_feasible,required_source_values_present,required_mapping_present,expected_blocker
QSB-PLANCK-BRIDGE-RESONATOR-INDEPENDENT-LAG-VARIABLE-ADMISSIBILITY-EXECUTION-01,CAND-0001,false,false,false,blocked_missing_source_values
QSB-PLANCK-BRIDGE-RESONATOR-INDEPENDENT-LAG-VARIABLE-ADMISSIBILITY-EXECUTION-01,CAND-0002,false,false,false,blocked_missing_source_values
QSB-PLANCK-BRIDGE-RESONATOR-INDEPENDENT-LAG-VARIABLE-ADMISSIBILITY-EXECUTION-01,CAND-0003,false,false,false,blocked_missing_source_values
QSB-PLANCK-BRIDGE-RESONATOR-INDEPENDENT-LAG-VARIABLE-ADMISSIBILITY-EXECUTION-01,CAND-0004,false,false,false,blocked_missing_source_values
QSB-PLANCK-BRIDGE-RESONATOR-INDEPENDENT-LAG-VARIABLE-ADMISSIBILITY-EXECUTION-01,CAND-0005,false,false,false,blocked_missing_source_values
QSB-PLANCK-BRIDGE-RESONATOR-INDEPENDENT-LAG-VARIABLE-ADMISSIBILITY-EXECUTION-01,CAND-0006,false,false,false,blocked_missing_source_values
QSB-PLANCK-BRIDGE-RESONATOR-INDEPENDENT-LAG-VARIABLE-ADMISSIBILITY-EXECUTION-01,CAND-0007,false,false,false,blocked_missing_source_values
QSB-PLANCK-BRIDGE-RESONATOR-INDEPENDENT-LAG-VARIABLE-ADMISSIBILITY-EXECUTION-01,CAND-0008,false,false,false,blocked_missing_source_values
QSB-PLANCK-BRIDGE-RESONATOR-INDEPENDENT-LAG-VARIABLE-ADMISSIBILITY-EXECUTION-01,CAND-0009,false,false,false,blocked_missing_source_values
QSB-PLANCK-BRIDGE-RESONATOR-INDEPENDENT-LAG-VARIABLE-ADMISSIBILITY-EXECUTION-01,CAND-0010,false,false,false,blocked_missing_source_values
QSB-PLANCK-BRIDGE-RESONATOR-INDEPENDENT-LAG-VARIABLE-ADMISSIBILITY-EXECUTION-01,CAND-0011,false,false,false,blocked_missing_source_values
QSB-PLANCK-BRIDGE-RESONATOR-INDEPENDENT-LAG-VARIABLE-ADMISSIBILITY-EXECUTION-01,CAND-0012,false,false,false,blocked_missing_source_values
QSB-PLANCK-BRIDGE-RESONATOR-INDEPENDENT-LAG-VARIABLE-ADMISSIBILITY-EXECUTION-01,CAND-0013,false,false,false,blocked_missing_source_values
QSB-PLANCK-BRIDGE-RESONATOR-INDEPENDENT-LAG-VARIABLE-ADMISSIBILITY-EXECUTION-01,CAND-0014,false,false,false,blocked_missing_source_values
QSB-PLANCK-BRIDGE-RESONATOR-INDEPENDENT-LAG-VARIABLE-ADMISSIBILITY-EXECUTION-01,CAND-0015,false,false,false,blocked_missing_source_values
QSB-PLANCK-BRIDGE-RESONATOR-INDEPENDENT-LAG-VARIABLE-ADMISSIBILITY-EXECUTION-01,CAND-0016,false,false,false,blocked_missing_source_values
QSB-PLANCK-BRIDGE-RESONATOR-INDEPENDENT-LAG-VARIABLE-ADMISSIBILITY-EXECUTION-01,CAND-0017,false,false,false,blocked_missing_source_values
QSB-PLANCK-BRIDGE-RESONATOR-INDEPENDENT-LAG-VARIABLE-ADMISSIBILITY-EXECUTION-01,CAND-0018,false,false,false,blocked_missing_source_values
QSB-PLANCK-BRIDGE-RESONATOR-INDEPENDENT-LAG-VARIABLE-ADMISSIBILITY-EXECUTION-01,CAND-0019,false,false,false,blocked_missing_source_values
QSB-PLANCK-BRIDGE-RESONATOR-INDEPENDENT-LAG-VARIABLE-ADMISSIBILITY-EXECUTION-01,CAND-0020,false,false,false,blocked_missing_source_values
QSB-PLANCK-BRIDGE-RESONATOR-INDEPENDENT-LAG-VARIABLE-ADMISSIBILITY-EXECUTION-01,CAND-0021,false,false,false,blocked_missing_source_values
QSB-PLANCK-BRIDGE-RESONATOR-INDEPENDENT-LAG-VARIABLE-ADMISSIBILITY-EXECUTION-01,CAND-0022,false,false,false,blocked_missing_source_values
QSB-PLANCK-BRIDGE-RESONATOR-INDEPENDENT-LAG-VARIABLE-ADMISSIBILITY-EXECUTION-01,CAND-0023,false,false,false,blocked_missing_source_values
QSB-PLANCK-BRIDGE-RESONATOR-INDEPENDENT-LAG-VARIABLE-ADMISSIBILITY-EXECUTION-01,CAND-0024,false,false,false,blocked_missing_source_values
QSB-PLANCK-BRIDGE-RESONATOR-INDEPENDENT-LAG-VARIABLE-ADMISSIBILITY-EXECUTION-01,CAND-0025,false,false,false,blocked_missing_source_values
QSB-PLANCK-BRIDGE-RESONATOR-INDEPENDENT-LAG-VARIABLE-ADMISSIBILITY-EXECUTION-01,CAND-0026,false,false,false,blocked_missing_source_values
QSB-PLANCK-BRIDGE-RESONATOR-INDEPENDENT-LAG-VARIABLE-ADMISSIBILITY-EXECUTION-01,CAND-0027,false,false,false,blocked_missing_source_values
QSB-PLANCK-BRIDGE-RESONATOR-INDEPENDENT-LAG-VARIABLE-ADMISSIBILITY-EXECUTION-01,CAND-0028,false,false,false,blocked_missing_source_values
QSB-PLANCK-BRIDGE-RESONATOR-INDEPENDENT-LAG-VARIABLE-ADMISSIBILITY-EXECUTION-01,CAND-0029,false,false,false,blocked_missing_source_values
QSB-PLANCK-BRIDGE-RESONATOR-INDEPENDENT-LAG-VARIABLE-ADMISSIBILITY-EXECUTION-01,CAND-0030,false,false,false,blocked_missing_source_values
QSB-PLANCK-BRIDGE-RESONATOR-INDEPENDENT-LAG-VARIABLE-ADMISSIBILITY-EXECUTION-01,CAND-0031,false,false,false,blocked_missing_source_values
QSB-PLANCK-BRIDGE-RESONATOR-INDEPENDENT-LAG-VARIABLE-ADMISSIBILITY-EXECUTION-01,CAND-0032,false,false,false,blocked_missing_source_values
QSB-PLANCK-BRIDGE-RESONATOR-INDEPENDENT-LAG-VARIABLE-ADMISSIBILITY-EXECUTION-01,CAND-0033,false,false,false,blocked_missing_source_values
QSB-PLANCK-BRIDGE-RESONATOR-INDEPENDENT-LAG-VARIABLE-ADMISSIBILITY-EXECUTION-01,CAND-0034,false,false,false,blocked_missing_source_values
QSB-PLANCK-BRIDGE-RESONATOR-INDEPENDENT-LAG-VARIABLE-ADMISSIBILITY-EXECUTION-01,CAND-0035,false,false,false,blocked_missing_source_values
QSB-PLANCK-BRIDGE-RESONATOR-INDEPENDENT-LAG-VARIABLE-ADMISSIBILITY-EXECUTION-01,CAND-0036,false,false,false,blocked_missing_source_values
QSB-PLANCK-BRIDGE-RESONATOR-INDEPENDENT-LAG-VARIABLE-ADMISSIBILITY-EXECUTION-01,CAND-0037,false,false,false,blocked_missing_source_values
QSB-PLANCK-BRIDGE-RESONATOR-INDEPENDENT-LAG-VARIABLE-ADMISSIBILITY-EXECUTION-01,CAND-0038,false,false,false,blocked_missing_source_values
QSB-PLANCK-BRIDGE-RESONATOR-INDEPENDENT-LAG-VARIABLE-ADMISSIBILITY-EXECUTION-01,CAND-0039,false,false,false,blocked_missing_source_values
QSB-PLANCK-BRIDGE-RESONATOR-INDEPENDENT-LAG-VARIABLE-ADMISSIBILITY-EXECUTION-01,CAND-0040,false,false,false,blocked_missing_source_values
QSB-PLANCK-BRIDGE-RESONATOR-INDEPENDENT-LAG-VARIABLE-ADMISSIBILITY-EXECUTION-01,CAND-0041,false,false,false,blocked_missing_source_values
QSB-PLANCK-BRIDGE-RESONATOR-INDEPENDENT-LAG-VARIABLE-ADMISSIBILITY-EXECUTION-01,CAND-0042,false,false,false,blocked_missing_source_values
QSB-PLANCK-BRIDGE-RESONATOR-INDEPENDENT-LAG-VARIABLE-ADMISSIBILITY-EXECUTION-01,CAND-0043,false,false,false,blocked_missing_source_values
QSB-PLANCK-BRIDGE-RESONATOR-INDEPENDENT-LAG-VARIABLE-ADMISSIBILITY-EXECUTION-01,CAND-0044,false,false,false,blocked_missing_source_values
QSB-PLANCK-BRIDGE-RESONATOR-INDEPENDENT-LAG-VARIABLE-ADMISSIBILITY-EXECUTION-01,CAND-0045,false,false,false,blocked_missing_source_values
QSB-PLANCK-BRIDGE-RESONATOR-INDEPENDENT-LAG-VARIABLE-ADMISSIBILITY-EXECUTION-01,CAND-0046,false,false,false,blocked_missing_source_values
QSB-PLANCK-BRIDGE-RESONATOR-INDEPENDENT-LAG-VARIABLE-ADMISSIBILITY-EXECUTION-01,CAND-0047,false,false,false,blocked_missing_source_values
QSB-PLANCK-BRIDGE-RESONATOR-INDEPENDENT-LAG-VARIABLE-ADMISSIBILITY-EXECUTION-01,CAND-0048,false,false,false,blocked_missing_source_values
QSB-PLANCK-BRIDGE-RESONATOR-INDEPENDENT-LAG-VARIABLE-ADMISSIBILITY-EXECUTION-01,CAND-0049,false,false,false,blocked_missing_source_values
QSB-PLANCK-BRIDGE-RESONATOR-INDEPENDENT-LAG-VARIABLE-ADMISSIBILITY-EXECUTION-01,CAND-0050,false,false,false,blocked_missing_source_values
QSB-PLANCK-BRIDGE-RESONATOR-INDEPENDENT-LAG-VARIABLE-ADMISSIBILITY-EXECUTION-01,CAND-0051,false,false,false,blocked_missing_source_values
QSB-PLANCK-BRIDGE-RESONATOR-INDEPENDENT-LAG-VARIABLE-ADMISSIBILITY-EXECUTION-01,CAND-0052,false,false,false,blocked_missing_source_values
QSB-PLANCK-BRIDGE-RESONATOR-INDEPENDENT-LAG-VARIABLE-ADMISSIBILITY-EXECUTION-01,CAND-0053,false,false,false,blocked_missing_source_values
QSB-PLANCK-BRIDGE-RESONATOR-INDEPENDENT-LAG-VARIABLE-ADMISSIBILITY-EXECUTION-01,CAND-0054,false,false,false,blocked_missing_source_values
QSB-PLANCK-BRIDGE-RESONATOR-INDEPENDENT-LAG-VARIABLE-ADMISSIBILITY-EXECUTION-01,CAND-0055,false,false,false,blocked_missing_source_values
QSB-PLANCK-BRIDGE-RESONATOR-INDEPENDENT-LAG-VARIABLE-ADMISSIBILITY-EXECUTION-01,CAND-0056,false,false,false,blocked_missing_source_values
QSB-PLANCK-BRIDGE-RESONATOR-INDEPENDENT-LAG-VARIABLE-ADMISSIBILITY-EXECUTION-01,CAND-0057,false,false,false,blocked_missing_source_values
QSB-PLANCK-BRIDGE-RESONATOR-INDEPENDENT-LAG-VARIABLE-ADMISSIBILITY-EXECUTION-01,CAND-0058,false,false,false,blocked_missing_source_values
QSB-PLANCK-BRIDGE-RESONATOR-INDEPENDENT-LAG-VARIABLE-ADMISSIBILITY-EXECUTION-01,CAND-0059,false,false,false,blocked_missing_source_values
QSB-PLANCK-BRIDGE-RESONATOR-INDEPENDENT-LAG-VARIABLE-ADMISSIBILITY-EXECUTION-01,CAND-0060,false,false,false,blocked_missing_source_values
QSB-PLANCK-BRIDGE-RESONATOR-INDEPENDENT-LAG-VARIABLE-ADMISSIBILITY-EXECUTION-01,CAND-0061,false,false,false,blocked_missing_source_values
QSB-PLANCK-BRIDGE-RESONATOR-INDEPENDENT-LAG-VARIABLE-ADMISSIBILITY-EXECUTION-01,CAND-0062,false,false,false,blocked_missing_source_values
QSB-PLANCK-BRIDGE-RESONATOR-INDEPENDENT-LAG-VARIABLE-ADMISSIBILITY-EXECUTION-01,CAND-0063,false,false,false,blocked_missing_source_values
QSB-PLANCK-BRIDGE-RESONATOR-INDEPENDENT-LAG-VARIABLE-ADMISSIBILITY-EXECUTION-01,CAND-0064,false,false,false,blocked_missing_source_values
QSB-PLANCK-BRIDGE-RESONATOR-INDEPENDENT-LAG-VARIABLE-ADMISSIBILITY-EXECUTION-01,CAND-0065,false,false,false,blocked_missing_source_values
QSB-PLANCK-BRIDGE-RESONATOR-INDEPENDENT-LAG-VARIABLE-ADMISSIBILITY-EXECUTION-01,CAND-0066,false,false,false,blocked_missing_source_values
QSB-PLANCK-BRIDGE-RESONATOR-INDEPENDENT-LAG-VARIABLE-ADMISSIBILITY-EXECUTION-01,CAND-0067,false,false,false,blocked_missing_source_values
QSB-PLANCK-BRIDGE-RESONATOR-INDEPENDENT-LAG-VARIABLE-ADMISSIBILITY-EXECUTION-01,CAND-0068,false,false,false,blocked_missing_source_values
QSB-PLANCK-BRIDGE-RESONATOR-INDEPENDENT-LAG-VARIABLE-ADMISSIBILITY-EXECUTION-01,CAND-0069,false,false,false,blocked_missing_source_values
QSB-PLANCK-BRIDGE-RESONATOR-INDEPENDENT-LAG-VARIABLE-ADMISSIBILITY-EXECUTION-01,CAND-0070,false,false,false,blocked_missing_source_values
QSB-PLANCK-BRIDGE-RESONATOR-INDEPENDENT-LAG-VARIABLE-ADMISSIBILITY-EXECUTION-01,CAND-0071,false,false,false,blocked_missing_source_values
QSB-PLANCK-BRIDGE-RESONATOR-INDEPENDENT-LAG-VARIABLE-ADMISSIBILITY-EXECUTION-01,CAND-0072,false,false,false,blocked_missing_source_values
QSB-PLANCK-BRIDGE-RESONATOR-INDEPENDENT-LAG-VARIABLE-ADMISSIBILITY-EXECUTION-01,CAND-0073,false,false,false,blocked_missing_source_values
QSB-PLANCK-BRIDGE-RESONATOR-INDEPENDENT-LAG-VARIABLE-ADMISSIBILITY-EXECUTION-01,CAND-0074,false,false,false,blocked_missing_source_values
QSB-PLANCK-BRIDGE-RESONATOR-INDEPENDENT-LAG-VARIABLE-ADMISSIBILITY-EXECUTION-01,CAND-0075,false,false,false,blocked_missing_source_values
QSB-PLANCK-BRIDGE-RESONATOR-INDEPENDENT-LAG-VARIABLE-ADMISSIBILITY-EXECUTION-01,CAND-0076,false,false,false,blocked_missing_source_values
QSB-PLANCK-BRIDGE-RESONATOR-INDEPENDENT-LAG-VARIABLE-ADMISSIBILITY-EXECUTION-01,CAND-0077,false,false,false,blocked_missing_source_values
QSB-PLANCK-BRIDGE-RESONATOR-INDEPENDENT-LAG-VARIABLE-ADMISSIBILITY-EXECUTION-01,CAND-0078,false,false,false,blocked_missing_source_values
QSB-PLANCK-BRIDGE-RESONATOR-INDEPENDENT-LAG-VARIABLE-ADMISSIBILITY-EXECUTION-01,CAND-0079,false,false,false,blocked_missing_source_values
QSB-PLANCK-BRIDGE-RESONATOR-INDEPENDENT-LAG-VARIABLE-ADMISSIBILITY-EXECUTION-01,CAND-0080,false,false,false,blocked_missing_source_values
QSB-PLANCK-BRIDGE-RESONATOR-INDEPENDENT-LAG-VARIABLE-ADMISSIBILITY-EXECUTION-01,CAND-0081,false,false,false,blocked_missing_source_values
QSB-PLANCK-BRIDGE-RESONATOR-INDEPENDENT-LAG-VARIABLE-ADMISSIBILITY-EXECUTION-01,CAND-0082,false,false,false,blocked_missing_source_values
QSB-PLANCK-BRIDGE-RESONATOR-INDEPENDENT-LAG-VARIABLE-ADMISSIBILITY-EXECUTION-01,CAND-0083,false,false,false,blocked_missing_source_values
QSB-PLANCK-BRIDGE-RESONATOR-INDEPENDENT-LAG-VARIABLE-ADMISSIBILITY-EXECUTION-01,CAND-0084,false,false,false,blocked_missing_source_values
QSB-PLANCK-BRIDGE-RESONATOR-INDEPENDENT-LAG-VARIABLE-ADMISSIBILITY-EXECUTION-01,CAND-0085,false,false,false,blocked_missing_source_values
QSB-PLANCK-BRIDGE-RESONATOR-INDEPENDENT-LAG-VARIABLE-ADMISSIBILITY-EXECUTION-01,CAND-0086,false,false,false,blocked_missing_source_values
QSB-PLANCK-BRIDGE-RESONATOR-INDEPENDENT-LAG-VARIABLE-ADMISSIBILITY-EXECUTION-01,CAND-0087,false,false,false,blocked_missing_source_values
QSB-PLANCK-BRIDGE-RESONATOR-INDEPENDENT-LAG-VARIABLE-ADMISSIBILITY-EXECUTION-01,CAND-0088,false,false,false,blocked_missing_source_values
QSB-PLANCK-BRIDGE-RESONATOR-INDEPENDENT-LAG-VARIABLE-ADMISSIBILITY-EXECUTION-01,CAND-0089,false,false,false,blocked_missing_source_values
QSB-PLANCK-BRIDGE-RESONATOR-INDEPENDENT-LAG-VARIABLE-ADMISSIBILITY-EXECUTION-01,CAND-0090,false,false,false,blocked_missing_source_values
QSB-PLANCK-BRIDGE-RESONATOR-INDEPENDENT-LAG-VARIABLE-ADMISSIBILITY-EXECUTION-01,CAND-0091,unknown_requires_values,false,true,blocked_missing_source_values
QSB-PLANCK-BRIDGE-RESONATOR-INDEPENDENT-LAG-VARIABLE-ADMISSIBILITY-EXECUTION-01,CAND-0092,false,false,false,blocked_missing_source_values
QSB-PLANCK-BRIDGE-RESONATOR-INDEPENDENT-LAG-VARIABLE-ADMISSIBILITY-EXECUTION-01,CAND-0093,false,false,false,blocked_missing_source_values
QSB-PLANCK-BRIDGE-RESONATOR-INDEPENDENT-LAG-VARIABLE-ADMISSIBILITY-EXECUTION-01,CAND-0094,false,false,false,blocked_missing_source_values
QSB-PLANCK-BRIDGE-RESONATOR-INDEPENDENT-LAG-VARIABLE-ADMISSIBILITY-EXECUTION-01,CAND-0095,false,false,false,blocked_missing_source_values
QSB-PLANCK-BRIDGE-RESONATOR-INDEPENDENT-LAG-VARIABLE-ADMISSIBILITY-EXECUTION-01,CAND-0096,false,false,false,blocked_missing_source_values
QSB-PLANCK-BRIDGE-RESONATOR-INDEPENDENT-LAG-VARIABLE-ADMISSIBILITY-EXECUTION-01,CAND-0097,false,false,false,blocked_missing_source_values
QSB-PLANCK-BRIDGE-RESONATOR-INDEPENDENT-LAG-VARIABLE-ADMISSIBILITY-EXECUTION-01,CAND-0098,false,false,false,blocked_missing_source_values
QSB-PLANCK-BRIDGE-RESONATOR-INDEPENDENT-LAG-VARIABLE-ADMISSIBILITY-EXECUTION-01,CAND-0099,false,false,false,blocked_missing_source_values
QSB-PLANCK-BRIDGE-RESONATOR-INDEPENDENT-LAG-VARIABLE-ADMISSIBILITY-EXECUTION-01,CAND-0100,false,false,false,blocked_missing_source_values
QSB-PLANCK-BRIDGE-RESONATOR-INDEPENDENT-LAG-VARIABLE-ADMISSIBILITY-EXECUTION-01,CAND-0101,false,false,false,blocked_missing_source_values
QSB-PLANCK-BRIDGE-RESONATOR-INDEPENDENT-LAG-VARIABLE-ADMISSIBILITY-EXECUTION-01,CAND-0102,false,false,false,blocked_missing_source_values
QSB-PLANCK-BRIDGE-RESONATOR-INDEPENDENT-LAG-VARIABLE-ADMISSIBILITY-EXECUTION-01,CAND-0103,false,false,false,blocked_missing_source_values
QSB-PLANCK-BRIDGE-RESONATOR-INDEPENDENT-LAG-VARIABLE-ADMISSIBILITY-EXECUTION-01,CAND-0104,false,false,false,blocked_missing_source_values
QSB-PLANCK-BRIDGE-RESONATOR-INDEPENDENT-LAG-VARIABLE-ADMISSIBILITY-EXECUTION-01,CAND-0105,false,false,false,blocked_missing_source_values
QSB-PLANCK-BRIDGE-RESONATOR-INDEPENDENT-LAG-VARIABLE-ADMISSIBILITY-EXECUTION-01,CAND-0106,false,false,false,blocked_missing_source_values
QSB-PLANCK-BRIDGE-RESONATOR-INDEPENDENT-LAG-VARIABLE-ADMISSIBILITY-EXECUTION-01,CAND-0107,false,false,false,blocked_missing_source_values
QSB-PLANCK-BRIDGE-RESONATOR-INDEPENDENT-LAG-VARIABLE-ADMISSIBILITY-EXECUTION-01,CAND-0108,false,false,false,blocked_missing_source_values
QSB-PLANCK-BRIDGE-RESONATOR-INDEPENDENT-LAG-VARIABLE-ADMISSIBILITY-EXECUTION-01,CAND-0109,false,false,false,blocked_missing_source_values
QSB-PLANCK-BRIDGE-RESONATOR-INDEPENDENT-LAG-VARIABLE-ADMISSIBILITY-EXECUTION-01,CAND-0110,false,false,false,blocked_missing_source_values
QSB-PLANCK-BRIDGE-RESONATOR-INDEPENDENT-LAG-VARIABLE-ADMISSIBILITY-EXECUTION-01,CAND-0111,false,false,false,blocked_missing_source_values
QSB-PLANCK-BRIDGE-RESONATOR-INDEPENDENT-LAG-VARIABLE-ADMISSIBILITY-EXECUTION-01,CAND-0112,false,false,false,blocked_missing_source_values
QSB-PLANCK-BRIDGE-RESONATOR-INDEPENDENT-LAG-VARIABLE-ADMISSIBILITY-EXECUTION-01,CAND-0113,false,false,false,blocked_missing_source_values
QSB-PLANCK-BRIDGE-RESONATOR-INDEPENDENT-LAG-VARIABLE-ADMISSIBILITY-EXECUTION-01,CAND-0114,false,false,false,blocked_missing_source_values
QSB-PLANCK-BRIDGE-RESONATOR-INDEPENDENT-LAG-VARIABLE-ADMISSIBILITY-EXECUTION-01,CAND-0115,false,false,false,blocked_missing_source_values
QSB-PLANCK-BRIDGE-RESONATOR-INDEPENDENT-LAG-VARIABLE-ADMISSIBILITY-EXECUTION-01,CAND-0116,false,false,false,blocked_missing_source_values
QSB-PLANCK-BRIDGE-RESONATOR-INDEPENDENT-LAG-VARIABLE-ADMISSIBILITY-EXECUTION-01,CAND-0117,false,false,false,blocked_missing_source_values
QSB-PLANCK-BRIDGE-RESONATOR-INDEPENDENT-LAG-VARIABLE-ADMISSIBILITY-EXECUTION-01,CAND-0118,false,false,false,blocked_missing_source_values
QSB-PLANCK-BRIDGE-RESONATOR-INDEPENDENT-LAG-VARIABLE-ADMISSIBILITY-EXECUTION-01,CAND-0119,false,false,false,blocked_missing_source_values
QSB-PLANCK-BRIDGE-RESONATOR-INDEPENDENT-LAG-VARIABLE-ADMISSIBILITY-EXECUTION-01,CAND-0120,false,false,false,blocked_missing_source_values
QSB-PLANCK-BRIDGE-RESONATOR-INDEPENDENT-LAG-VARIABLE-ADMISSIBILITY-EXECUTION-01,CAND-0121,false,false,false,blocked_missing_source_values
QSB-PLANCK-BRIDGE-RESONATOR-INDEPENDENT-LAG-VARIABLE-ADMISSIBILITY-EXECUTION-01,CAND-0122,false,false,false,blocked_missing_source_values
QSB-PLANCK-BRIDGE-RESONATOR-INDEPENDENT-LAG-VARIABLE-ADMISSIBILITY-EXECUTION-01,CAND-0123,false,false,false,blocked_missing_source_values
QSB-PLANCK-BRIDGE-RESONATOR-INDEPENDENT-LAG-VARIABLE-ADMISSIBILITY-EXECUTION-01,CAND-0124,false,false,false,blocked_missing_source_values
QSB-PLANCK-BRIDGE-RESONATOR-INDEPENDENT-LAG-VARIABLE-ADMISSIBILITY-EXECUTION-01,CAND-0125,false,false,false,blocked_missing_source_values
QSB-PLANCK-BRIDGE-RESONATOR-INDEPENDENT-LAG-VARIABLE-ADMISSIBILITY-EXECUTION-01,CAND-0126,false,false,false,blocked_missing_source_values
QSB-PLANCK-BRIDGE-RESONATOR-INDEPENDENT-LAG-VARIABLE-ADMISSIBILITY-EXECUTION-01,CAND-0127,unknown_requires_values,false,true,blocked_missing_source_values
QSB-PLANCK-BRIDGE-RESONATOR-INDEPENDENT-LAG-VARIABLE-ADMISSIBILITY-EXECUTION-01,CAND-0128,unknown_requires_values,false,true,blocked_missing_source_values
QSB-PLANCK-BRIDGE-RESONATOR-INDEPENDENT-LAG-VARIABLE-ADMISSIBILITY-EXECUTION-01,CAND-0129,false,false,false,blocked_missing_source_values
QSB-PLANCK-BRIDGE-RESONATOR-INDEPENDENT-LAG-VARIABLE-ADMISSIBILITY-EXECUTION-01,CAND-0130,false,false,false,blocked_missing_source_values
QSB-PLANCK-BRIDGE-RESONATOR-INDEPENDENT-LAG-VARIABLE-ADMISSIBILITY-EXECUTION-01,CAND-0131,false,false,false,blocked_missing_source_values
QSB-PLANCK-BRIDGE-RESONATOR-INDEPENDENT-LAG-VARIABLE-ADMISSIBILITY-EXECUTION-01,CAND-0132,false,false,false,blocked_missing_source_values
QSB-PLANCK-BRIDGE-RESONATOR-INDEPENDENT-LAG-VARIABLE-ADMISSIBILITY-EXECUTION-01,CAND-0133,false,false,false,blocked_missing_source_values
QSB-PLANCK-BRIDGE-RESONATOR-INDEPENDENT-LAG-VARIABLE-ADMISSIBILITY-EXECUTION-01,CAND-0134,false,false,false,blocked_missing_source_values
QSB-PLANCK-BRIDGE-RESONATOR-INDEPENDENT-LAG-VARIABLE-ADMISSIBILITY-EXECUTION-01,CAND-0135,false,false,false,blocked_missing_source_values
QSB-PLANCK-BRIDGE-RESONATOR-INDEPENDENT-LAG-VARIABLE-ADMISSIBILITY-EXECUTION-01,CAND-0136,false,false,false,blocked_missing_source_values
QSB-PLANCK-BRIDGE-RESONATOR-INDEPENDENT-LAG-VARIABLE-ADMISSIBILITY-EXECUTION-01,CAND-0137,false,false,false,blocked_missing_source_values
QSB-PLANCK-BRIDGE-RESONATOR-INDEPENDENT-LAG-VARIABLE-ADMISSIBILITY-EXECUTION-01,CAND-0138,false,false,false,blocked_missing_source_values
QSB-PLANCK-BRIDGE-RESONATOR-INDEPENDENT-LAG-VARIABLE-ADMISSIBILITY-EXECUTION-01,CAND-0139,false,false,false,blocked_missing_source_values
QSB-PLANCK-BRIDGE-RESONATOR-INDEPENDENT-LAG-VARIABLE-ADMISSIBILITY-EXECUTION-01,CAND-0140,false,false,false,blocked_missing_source_values
QSB-PLANCK-BRIDGE-RESONATOR-INDEPENDENT-LAG-VARIABLE-ADMISSIBILITY-EXECUTION-01,CAND-0141,false,false,false,blocked_missing_source_values
QSB-PLANCK-BRIDGE-RESONATOR-INDEPENDENT-LAG-VARIABLE-ADMISSIBILITY-EXECUTION-01,CAND-0142,false,false,false,blocked_missing_source_values
QSB-PLANCK-BRIDGE-RESONATOR-INDEPENDENT-LAG-VARIABLE-ADMISSIBILITY-EXECUTION-01,CAND-0143,false,false,false,blocked_missing_source_values
QSB-PLANCK-BRIDGE-RESONATOR-INDEPENDENT-LAG-VARIABLE-ADMISSIBILITY-EXECUTION-01,CAND-0144,false,false,false,blocked_missing_source_values
QSB-PLANCK-BRIDGE-RESONATOR-INDEPENDENT-LAG-VARIABLE-ADMISSIBILITY-EXECUTION-01,CAND-0145,false,false,false,blocked_missing_source_values
QSB-PLANCK-BRIDGE-RESONATOR-INDEPENDENT-LAG-VARIABLE-ADMISSIBILITY-EXECUTION-01,CAND-0146,false,false,false,blocked_missing_source_values
QSB-PLANCK-BRIDGE-RESONATOR-INDEPENDENT-LAG-VARIABLE-ADMISSIBILITY-EXECUTION-01,CAND-0147,false,false,false,blocked_missing_source_values
QSB-PLANCK-BRIDGE-RESONATOR-INDEPENDENT-LAG-VARIABLE-ADMISSIBILITY-EXECUTION-01,CAND-0148,false,false,false,blocked_missing_source_values
QSB-PLANCK-BRIDGE-RESONATOR-INDEPENDENT-LAG-VARIABLE-ADMISSIBILITY-EXECUTION-01,CAND-0149,false,false,false,blocked_missing_source_values
QSB-PLANCK-BRIDGE-RESONATOR-INDEPENDENT-LAG-VARIABLE-ADMISSIBILITY-EXECUTION-01,CAND-0150,false,false,false,blocked_missing_source_values
QSB-PLANCK-BRIDGE-RESONATOR-INDEPENDENT-LAG-VARIABLE-ADMISSIBILITY-EXECUTION-01,CAND-0151,false,false,false,blocked_missing_source_values
QSB-PLANCK-BRIDGE-RESONATOR-INDEPENDENT-LAG-VARIABLE-ADMISSIBILITY-EXECUTION-01,CAND-0152,false,false,false,blocked_missing_source_values
QSB-PLANCK-BRIDGE-RESONATOR-INDEPENDENT-LAG-VARIABLE-ADMISSIBILITY-EXECUTION-01,CAND-0153,false,false,false,blocked_missing_source_values
QSB-PLANCK-BRIDGE-RESONATOR-INDEPENDENT-LAG-VARIABLE-ADMISSIBILITY-EXECUTION-01,CAND-0154,false,false,false,blocked_missing_source_values
QSB-PLANCK-BRIDGE-RESONATOR-INDEPENDENT-LAG-VARIABLE-ADMISSIBILITY-EXECUTION-01,CAND-0155,false,false,false,blocked_missing_source_values
QSB-PLANCK-BRIDGE-RESONATOR-INDEPENDENT-LAG-VARIABLE-ADMISSIBILITY-EXECUTION-01,CAND-0156,false,false,false,blocked_missing_source_values
QSB-PLANCK-BRIDGE-RESONATOR-INDEPENDENT-LAG-VARIABLE-ADMISSIBILITY-EXECUTION-01,CAND-0157,false,false,false,blocked_missing_source_values
QSB-PLANCK-BRIDGE-RESONATOR-INDEPENDENT-LAG-VARIABLE-ADMISSIBILITY-EXECUTION-01,CAND-0158,false,false,false,blocked_missing_source_values
QSB-PLANCK-BRIDGE-RESONATOR-INDEPENDENT-LAG-VARIABLE-ADMISSIBILITY-EXECUTION-01,CAND-0159,false,false,false,blocked_missing_source_values
QSB-PLANCK-BRIDGE-RESONATOR-INDEPENDENT-LAG-VARIABLE-ADMISSIBILITY-EXECUTION-01,CAND-0160,false,false,false,blocked_missing_source_values
QSB-PLANCK-BRIDGE-RESONATOR-INDEPENDENT-LAG-VARIABLE-ADMISSIBILITY-EXECUTION-01,CAND-0161,false,false,false,blocked_missing_source_values
QSB-PLANCK-BRIDGE-RESONATOR-INDEPENDENT-LAG-VARIABLE-ADMISSIBILITY-EXECUTION-01,CAND-0162,false,false,false,blocked_missing_source_values
QSB-PLANCK-BRIDGE-RESONATOR-INDEPENDENT-LAG-VARIABLE-ADMISSIBILITY-EXECUTION-01,CAND-0163,false,false,false,blocked_missing_source_values
QSB-PLANCK-BRIDGE-RESONATOR-INDEPENDENT-LAG-VARIABLE-ADMISSIBILITY-EXECUTION-01,CAND-0164,false,false,false,blocked_missing_source_values
QSB-PLANCK-BRIDGE-RESONATOR-INDEPENDENT-LAG-VARIABLE-ADMISSIBILITY-EXECUTION-01,CAND-0165,false,false,false,blocked_missing_source_values
QSB-PLANCK-BRIDGE-RESONATOR-INDEPENDENT-LAG-VARIABLE-ADMISSIBILITY-EXECUTION-01,CAND-0166,false,false,false,blocked_missing_source_values
QSB-PLANCK-BRIDGE-RESONATOR-INDEPENDENT-LAG-VARIABLE-ADMISSIBILITY-EXECUTION-01,CAND-0167,false,false,false,blocked_missing_source_values
QSB-PLANCK-BRIDGE-RESONATOR-INDEPENDENT-LAG-VARIABLE-ADMISSIBILITY-EXECUTION-01,CAND-0168,false,false,false,blocked_missing_source_values
QSB-PLANCK-BRIDGE-RESONATOR-INDEPENDENT-LAG-VARIABLE-ADMISSIBILITY-EXECUTION-01,CAND-0169,false,false,false,blocked_missing_source_values
QSB-PLANCK-BRIDGE-RESONATOR-INDEPENDENT-LAG-VARIABLE-ADMISSIBILITY-EXECUTION-01,CAND-0170,false,false,false,blocked_missing_source_values
QSB-PLANCK-BRIDGE-RESONATOR-INDEPENDENT-LAG-VARIABLE-ADMISSIBILITY-EXECUTION-01,CAND-0171,false,false,false,blocked_missing_source_values
QSB-PLANCK-BRIDGE-RESONATOR-INDEPENDENT-LAG-VARIABLE-ADMISSIBILITY-EXECUTION-01,CAND-0172,false,false,false,blocked_missing_source_values
QSB-PLANCK-BRIDGE-RESONATOR-INDEPENDENT-LAG-VARIABLE-ADMISSIBILITY-EXECUTION-01,CAND-0173,false,false,false,blocked_missing_source_values
QSB-PLANCK-BRIDGE-RESONATOR-INDEPENDENT-LAG-VARIABLE-ADMISSIBILITY-EXECUTION-01,CAND-0174,false,false,false,blocked_missing_source_values
QSB-PLANCK-BRIDGE-RESONATOR-INDEPENDENT-LAG-VARIABLE-ADMISSIBILITY-EXECUTION-01,CAND-0175,false,false,false,blocked_missing_source_values
QSB-PLANCK-BRIDGE-RESONATOR-INDEPENDENT-LAG-VARIABLE-ADMISSIBILITY-EXECUTION-01,CAND-0176,false,false,false,blocked_missing_source_values
QSB-PLANCK-BRIDGE-RESONATOR-INDEPENDENT-LAG-VARIABLE-ADMISSIBILITY-EXECUTION-01,CAND-0177,false,false,false,blocked_missing_source_values
QSB-PLANCK-BRIDGE-RESONATOR-INDEPENDENT-LAG-VARIABLE-ADMISSIBILITY-EXECUTION-01,CAND-0178,false,false,false,blocked_missing_source_values
QSB-PLANCK-BRIDGE-RESONATOR-INDEPENDENT-LAG-VARIABLE-ADMISSIBILITY-EXECUTION-01,CAND-0179,false,false,false,blocked_missing_source_values
QSB-PLANCK-BRIDGE-RESONATOR-INDEPENDENT-LAG-VARIABLE-ADMISSIBILITY-EXECUTION-01,CAND-0180,false,false,false,blocked_missing_source_values
QSB-PLANCK-BRIDGE-RESONATOR-INDEPENDENT-LAG-VARIABLE-ADMISSIBILITY-EXECUTION-01,CAND-0181,false,false,false,blocked_missing_source_values
QSB-PLANCK-BRIDGE-RESONATOR-INDEPENDENT-LAG-VARIABLE-ADMISSIBILITY-EXECUTION-01,CAND-0182,false,false,false,blocked_missing_source_values
QSB-PLANCK-BRIDGE-RESONATOR-INDEPENDENT-LAG-VARIABLE-ADMISSIBILITY-EXECUTION-01,CAND-0183,false,false,false,blocked_missing_source_values
QSB-PLANCK-BRIDGE-RESONATOR-INDEPENDENT-LAG-VARIABLE-ADMISSIBILITY-EXECUTION-01,CAND-0184,false,false,false,blocked_missing_source_values
QSB-PLANCK-BRIDGE-RESONATOR-INDEPENDENT-LAG-VARIABLE-ADMISSIBILITY-EXECUTION-01,CAND-0185,false,false,false,blocked_missing_source_values
QSB-PLANCK-BRIDGE-RESONATOR-INDEPENDENT-LAG-VARIABLE-ADMISSIBILITY-EXECUTION-01,CAND-0186,false,false,false,blocked_missing_source_values
QSB-PLANCK-BRIDGE-RESONATOR-INDEPENDENT-LAG-VARIABLE-ADMISSIBILITY-EXECUTION-01,CAND-0187,false,false,false,blocked_missing_source_values
QSB-PLANCK-BRIDGE-RESONATOR-INDEPENDENT-LAG-VARIABLE-ADMISSIBILITY-EXECUTION-01,CAND-0188,false,false,false,blocked_missing_source_values
QSB-PLANCK-BRIDGE-RESONATOR-INDEPENDENT-LAG-VARIABLE-ADMISSIBILITY-EXECUTION-01,CAND-0189,false,false,false,blocked_missing_source_values
QSB-PLANCK-BRIDGE-RESONATOR-INDEPENDENT-LAG-VARIABLE-ADMISSIBILITY-EXECUTION-01,CAND-0190,false,false,false,blocked_missing_source_values
QSB-PLANCK-BRIDGE-RESONATOR-INDEPENDENT-LAG-VARIABLE-ADMISSIBILITY-EXECUTION-01,CAND-0191,false,false,false,blocked_missing_source_values
QSB-PLANCK-BRIDGE-RESONATOR-INDEPENDENT-LAG-VARIABLE-ADMISSIBILITY-EXECUTION-01,CAND-0192,false,false,false,blocked_missing_source_values
QSB-PLANCK-BRIDGE-RESONATOR-INDEPENDENT-LAG-VARIABLE-ADMISSIBILITY-EXECUTION-01,CAND-0193,false,false,false,blocked_missing_source_values
QSB-PLANCK-BRIDGE-RESONATOR-INDEPENDENT-LAG-VARIABLE-ADMISSIBILITY-EXECUTION-01,CAND-0194,false,false,false,blocked_missing_source_values
QSB-PLANCK-BRIDGE-RESONATOR-INDEPENDENT-LAG-VARIABLE-ADMISSIBILITY-EXECUTION-01,CAND-0195,false,false,false,blocked_missing_source_values
QSB-PLANCK-BRIDGE-RESONATOR-INDEPENDENT-LAG-VARIABLE-ADMISSIBILITY-EXECUTION-01,CAND-0196,false,false,false,blocked_missing_source_values
QSB-PLANCK-BRIDGE-RESONATOR-INDEPENDENT-LAG-VARIABLE-ADMISSIBILITY-EXECUTION-01,CAND-0197,false,false,false,blocked_missing_source_values
QSB-PLANCK-BRIDGE-RESONATOR-INDEPENDENT-LAG-VARIABLE-ADMISSIBILITY-EXECUTION-01,CAND-0198,false,false,false,blocked_missing_source_values
QSB-PLANCK-BRIDGE-RESONATOR-INDEPENDENT-LAG-VARIABLE-ADMISSIBILITY-EXECUTION-01,CAND-0199,false,false,false,blocked_missing_source_values
QSB-PLANCK-BRIDGE-RESONATOR-INDEPENDENT-LAG-VARIABLE-ADMISSIBILITY-EXECUTION-01,CAND-0200,false,false,false,blocked_missing_source_values
QSB-PLANCK-BRIDGE-RESONATOR-INDEPENDENT-LAG-VARIABLE-ADMISSIBILITY-EXECUTION-01,CAND-0201,false,false,unknown,blocked_missing_source_values
QSB-PLANCK-BRIDGE-RESONATOR-INDEPENDENT-LAG-VARIABLE-ADMISSIBILITY-EXECUTION-01,CAND-0202,false,false,unknown,blocked_missing_source_values
QSB-PLANCK-BRIDGE-RESONATOR-INDEPENDENT-LAG-VARIABLE-ADMISSIBILITY-EXECUTION-01,CAND-0203,false,false,unknown,blocked_missing_source_values
QSB-PLANCK-BRIDGE-RESONATOR-INDEPENDENT-LAG-VARIABLE-ADMISSIBILITY-EXECUTION-01,CAND-0204,false,false,unknown,blocked_missing_source_values
QSB-PLANCK-BRIDGE-RESONATOR-INDEPENDENT-LAG-VARIABLE-ADMISSIBILITY-EXECUTION-01,CAND-0205,false,false,unknown,blocked_missing_source_values
QSB-PLANCK-BRIDGE-RESONATOR-INDEPENDENT-LAG-VARIABLE-ADMISSIBILITY-EXECUTION-01,CAND-0206,false,false,unknown,blocked_missing_source_values
QSB-PLANCK-BRIDGE-RESONATOR-INDEPENDENT-LAG-VARIABLE-ADMISSIBILITY-EXECUTION-01,CAND-0207,false,false,unknown,blocked_missing_source_values
QSB-PLANCK-BRIDGE-RESONATOR-INDEPENDENT-LAG-VARIABLE-ADMISSIBILITY-EXECUTION-01,CAND-0208,false,false,unknown,blocked_missing_source_values
QSB-PLANCK-BRIDGE-RESONATOR-INDEPENDENT-LAG-VARIABLE-ADMISSIBILITY-EXECUTION-01,CAND-0209,false,false,unknown,blocked_missing_source_values
QSB-PLANCK-BRIDGE-RESONATOR-INDEPENDENT-LAG-VARIABLE-ADMISSIBILITY-EXECUTION-01,CAND-0210,false,false,unknown,blocked_missing_source_values
QSB-PLANCK-BRIDGE-RESONATOR-INDEPENDENT-LAG-VARIABLE-ADMISSIBILITY-EXECUTION-01,CAND-0211,false,false,unknown,blocked_missing_source_values
QSB-PLANCK-BRIDGE-RESONATOR-INDEPENDENT-LAG-VARIABLE-ADMISSIBILITY-EXECUTION-01,CAND-0212,false,false,unknown,blocked_missing_source_values
QSB-PLANCK-BRIDGE-RESONATOR-INDEPENDENT-LAG-VARIABLE-ADMISSIBILITY-EXECUTION-01,CAND-0213,false,false,unknown,blocked_missing_source_values
QSB-PLANCK-BRIDGE-RESONATOR-INDEPENDENT-LAG-VARIABLE-ADMISSIBILITY-EXECUTION-01,CAND-0214,false,false,unknown,blocked_missing_source_values
QSB-PLANCK-BRIDGE-RESONATOR-INDEPENDENT-LAG-VARIABLE-ADMISSIBILITY-EXECUTION-01,CAND-0215,false,false,unknown,blocked_missing_source_values
QSB-PLANCK-BRIDGE-RESONATOR-INDEPENDENT-LAG-VARIABLE-ADMISSIBILITY-EXECUTION-01,CAND-0216,false,false,unknown,blocked_missing_source_values
QSB-PLANCK-BRIDGE-RESONATOR-INDEPENDENT-LAG-VARIABLE-ADMISSIBILITY-EXECUTION-01,CAND-0217,false,false,unknown,blocked_missing_source_values
QSB-PLANCK-BRIDGE-RESONATOR-INDEPENDENT-LAG-VARIABLE-ADMISSIBILITY-EXECUTION-01,CAND-0218,false,false,unknown,blocked_missing_source_values
QSB-PLANCK-BRIDGE-RESONATOR-INDEPENDENT-LAG-VARIABLE-ADMISSIBILITY-EXECUTION-01,CAND-0219,false,false,unknown,blocked_missing_source_values
QSB-PLANCK-BRIDGE-RESONATOR-INDEPENDENT-LAG-VARIABLE-ADMISSIBILITY-EXECUTION-01,CAND-0220,false,false,unknown,blocked_missing_source_values
QSB-PLANCK-BRIDGE-RESONATOR-INDEPENDENT-LAG-VARIABLE-ADMISSIBILITY-EXECUTION-01,CAND-0221,false,false,unknown,blocked_missing_source_values
QSB-PLANCK-BRIDGE-RESONATOR-INDEPENDENT-LAG-VARIABLE-ADMISSIBILITY-EXECUTION-01,CAND-0222,false,false,unknown,blocked_missing_source_values
QSB-PLANCK-BRIDGE-RESONATOR-INDEPENDENT-LAG-VARIABLE-ADMISSIBILITY-EXECUTION-01,CAND-0223,false,false,unknown,blocked_missing_source_values
QSB-PLANCK-BRIDGE-RESONATOR-INDEPENDENT-LAG-VARIABLE-ADMISSIBILITY-EXECUTION-01,CAND-0224,false,false,unknown,blocked_missing_source_values
QSB-PLANCK-BRIDGE-RESONATOR-INDEPENDENT-LAG-VARIABLE-ADMISSIBILITY-EXECUTION-01,CAND-0225,false,false,unknown,blocked_missing_source_values
QSB-PLANCK-BRIDGE-RESONATOR-INDEPENDENT-LAG-VARIABLE-ADMISSIBILITY-EXECUTION-01,CAND-0226,false,false,unknown,blocked_missing_source_values
QSB-PLANCK-BRIDGE-RESONATOR-INDEPENDENT-LAG-VARIABLE-ADMISSIBILITY-EXECUTION-01,CAND-0227,false,false,unknown,blocked_missing_source_values
QSB-PLANCK-BRIDGE-RESONATOR-INDEPENDENT-LAG-VARIABLE-ADMISSIBILITY-EXECUTION-01,CAND-0228,false,false,unknown,blocked_missing_source_values
QSB-PLANCK-BRIDGE-RESONATOR-INDEPENDENT-LAG-VARIABLE-ADMISSIBILITY-EXECUTION-01,CAND-0229,false,false,unknown,blocked_missing_source_values
QSB-PLANCK-BRIDGE-RESONATOR-INDEPENDENT-LAG-VARIABLE-ADMISSIBILITY-EXECUTION-01,CAND-0230,false,false,unknown,blocked_missing_source_values
QSB-PLANCK-BRIDGE-RESONATOR-INDEPENDENT-LAG-VARIABLE-ADMISSIBILITY-EXECUTION-01,CAND-0231,false,false,unknown,blocked_missing_source_values
QSB-PLANCK-BRIDGE-RESONATOR-INDEPENDENT-LAG-VARIABLE-ADMISSIBILITY-EXECUTION-01,CAND-0232,false,false,unknown,blocked_missing_source_values
QSB-PLANCK-BRIDGE-RESONATOR-INDEPENDENT-LAG-VARIABLE-ADMISSIBILITY-EXECUTION-01,CAND-0233,false,false,unknown,blocked_missing_source_values
QSB-PLANCK-BRIDGE-RESONATOR-INDEPENDENT-LAG-VARIABLE-ADMISSIBILITY-EXECUTION-01,CAND-0234,false,false,unknown,blocked_missing_source_values
QSB-PLANCK-BRIDGE-RESONATOR-INDEPENDENT-LAG-VARIABLE-ADMISSIBILITY-EXECUTION-01,CAND-0235,false,false,unknown,blocked_missing_source_values
QSB-PLANCK-BRIDGE-RESONATOR-INDEPENDENT-LAG-VARIABLE-ADMISSIBILITY-EXECUTION-01,CAND-0236,false,false,unknown,blocked_missing_source_values
QSB-PLANCK-BRIDGE-RESONATOR-INDEPENDENT-LAG-VARIABLE-ADMISSIBILITY-EXECUTION-01,CAND-0237,false,false,unknown,blocked_missing_source_values
QSB-PLANCK-BRIDGE-RESONATOR-INDEPENDENT-LAG-VARIABLE-ADMISSIBILITY-EXECUTION-01,CAND-0238,false,false,unknown,blocked_missing_source_values
QSB-PLANCK-BRIDGE-RESONATOR-INDEPENDENT-LAG-VARIABLE-ADMISSIBILITY-EXECUTION-01,CAND-0239,false,false,unknown,blocked_missing_source_values
QSB-PLANCK-BRIDGE-RESONATOR-INDEPENDENT-LAG-VARIABLE-ADMISSIBILITY-EXECUTION-01,CAND-0240,false,false,unknown,blocked_missing_source_values
QSB-PLANCK-BRIDGE-RESONATOR-INDEPENDENT-LAG-VARIABLE-ADMISSIBILITY-EXECUTION-01,CAND-0241,false,false,unknown,blocked_missing_source_values
QSB-PLANCK-BRIDGE-RESONATOR-INDEPENDENT-LAG-VARIABLE-ADMISSIBILITY-EXECUTION-01,CAND-0242,false,false,unknown,blocked_missing_source_values
QSB-PLANCK-BRIDGE-RESONATOR-INDEPENDENT-LAG-VARIABLE-ADMISSIBILITY-EXECUTION-01,CAND-0243,false,false,unknown,blocked_missing_source_values
QSB-PLANCK-BRIDGE-RESONATOR-INDEPENDENT-LAG-VARIABLE-ADMISSIBILITY-EXECUTION-01,CAND-0244,false,false,unknown,blocked_missing_source_values
QSB-PLANCK-BRIDGE-RESONATOR-INDEPENDENT-LAG-VARIABLE-ADMISSIBILITY-EXECUTION-01,CAND-0245,false,false,unknown,blocked_missing_source_values
QSB-PLANCK-BRIDGE-RESONATOR-INDEPENDENT-LAG-VARIABLE-ADMISSIBILITY-EXECUTION-01,CAND-0246,false,false,unknown,blocked_missing_source_values
QSB-PLANCK-BRIDGE-RESONATOR-INDEPENDENT-LAG-VARIABLE-ADMISSIBILITY-EXECUTION-01,CAND-0247,false,false,unknown,blocked_missing_source_values
QSB-PLANCK-BRIDGE-RESONATOR-INDEPENDENT-LAG-VARIABLE-ADMISSIBILITY-EXECUTION-01,CAND-0248,false,false,unknown,blocked_missing_source_values
QSB-PLANCK-BRIDGE-RESONATOR-INDEPENDENT-LAG-VARIABLE-ADMISSIBILITY-EXECUTION-01,CAND-0249,false,false,unknown,blocked_missing_source_values
QSB-PLANCK-BRIDGE-RESONATOR-INDEPENDENT-LAG-VARIABLE-ADMISSIBILITY-EXECUTION-01,CAND-0250,false,false,unknown,blocked_missing_source_values
QSB-PLANCK-BRIDGE-RESONATOR-INDEPENDENT-LAG-VARIABLE-ADMISSIBILITY-EXECUTION-01,CAND-0251,false,false,unknown,blocked_missing_source_values
QSB-PLANCK-BRIDGE-RESONATOR-INDEPENDENT-LAG-VARIABLE-ADMISSIBILITY-EXECUTION-01,CAND-0252,false,false,unknown,blocked_missing_source_values
QSB-PLANCK-BRIDGE-RESONATOR-INDEPENDENT-LAG-VARIABLE-ADMISSIBILITY-EXECUTION-01,CAND-0253,false,false,unknown,blocked_missing_source_values
QSB-PLANCK-BRIDGE-RESONATOR-INDEPENDENT-LAG-VARIABLE-ADMISSIBILITY-EXECUTION-01,CAND-0254,false,false,unknown,blocked_missing_source_values
QSB-PLANCK-BRIDGE-RESONATOR-INDEPENDENT-LAG-VARIABLE-ADMISSIBILITY-EXECUTION-01,CAND-0255,false,false,unknown,blocked_missing_source_values
QSB-PLANCK-BRIDGE-RESONATOR-INDEPENDENT-LAG-VARIABLE-ADMISSIBILITY-EXECUTION-01,CAND-0256,false,false,unknown,blocked_missing_source_values
QSB-PLANCK-BRIDGE-RESONATOR-INDEPENDENT-LAG-VARIABLE-ADMISSIBILITY-EXECUTION-01,CAND-0257,false,false,unknown,blocked_missing_source_values
QSB-PLANCK-BRIDGE-RESONATOR-INDEPENDENT-LAG-VARIABLE-ADMISSIBILITY-EXECUTION-01,CAND-0258,false,false,unknown,blocked_missing_source_values
QSB-PLANCK-BRIDGE-RESONATOR-INDEPENDENT-LAG-VARIABLE-ADMISSIBILITY-EXECUTION-01,CAND-0259,false,false,unknown,blocked_missing_source_values
QSB-PLANCK-BRIDGE-RESONATOR-INDEPENDENT-LAG-VARIABLE-ADMISSIBILITY-EXECUTION-01,CAND-0260,false,false,unknown,blocked_missing_source_values
