artifact_id,relative_path,reason
e66d722b3854400898f40e6785f29a75c89690f7cd79d56c9f3701734b252a09,data/QSB-OUTREACH01A/synthetic_demonstrator_config.yaml,generic_registration_only
5a28d9586f5ffc2322ab6b2288e89c1fa15b4b7c69bcbbb4c523799ed8b32895,data/QSB-ST-SHAPIROINFO/correction_state_sidecar_template.yaml,generic_registration_only
623085a6fb03891bc9ecd81358664635a08a93c61548de091272ce8b7b932a12,data/QSB-ST-SHAPIROINFO/j0740_6620_download_manifest_manual_review.yaml,generic_registration_only
1ef940c4cef5f9054d41a1fdbf44a80bf56dbb9e3a50069963f62e10eda9fb95,data/QSB-ST-SHAPIROINFO/j0740_6620_file_link_metadata_review.yaml,generic_registration_only
45724fa809d0d8fcb6002f5219dc7c2ac07ae6e710e71209c0fadc69baf100a1,data/QSB-ST-SHAPIROINFO/manual_evidence/tempo_tempo2_format1/tempo2_examples_ver1.pdf,generic_registration_only
114862dbf1529a092d2da9d0dc6b493fce2a6645c2cf254239a956741264174d,data/QSB-ST-SHAPIROINFO/manual_evidence/tempo_tempo2_format1/tempo2_manual.pdf,generic_registration_only
c9aa8398bfd0851015f72e66ee7417224df11aeeac981320d5814171741a4ef1,data/QSB-ST-SHAPIROINFO/public_source_download_manifest_template.yaml,generic_registration_only
8d9943aaa22e7885225ce406608341f3fbde0c5ca7a2f5ff091b1e15d9a73d1e,data/QSB-ST-SHAPIROINFO/public_sources/j0740_6620/checksums/J0740+6620.cfr+19.tim.sha256,generic_registration_only
165e6ffadfc91f78e0497fdc8f74be41e4d19a4e52ebe046ad364375bbe0723b,data/QSB-ST-SHAPIROINFO/public_sources/j0740_6620/checksums/J0740+6620.par.sha256,generic_registration_only
4b5811c5641a073e4c7dd4488901e46e899ace92aeef19b2375b58a54ca52723,data/QSB-ST-SHAPIROINFO/public_sources/j0740_6620/manifest/j0740_6620_quarantine_download_manifest_2026_05_29.yaml,generic_registration_only
44db2185b29000b44e414b7683043972d9311a797cc06a711a40b363e9e54644,data/QSB-ST-SHAPIROINFO/public_sources/j0740_6620/raw/J0740+6620.cfr+19.tim,generic_registration_only
eb42bfba8650622fc9935be206543111dad918b63b3995c647c0da9ceeac63cc,data/QSB-ST-SHAPIROINFO/public_sources/j0740_6620/raw/J0740+6620.par,generic_registration_only
a9672d506a0cfa834a1e356828ebf24702da4fd683ad86e2ff38d92e1aa29774,data/QSB-ST-SHAPIROINFO/test_fixtures/j0740_gate_negative_claim_true.yaml,generic_registration_only
a1fbe4c08a5f70357d6742562905644f2e4fe7dd1bbf165c243120cce4b300fb,data/QSB-ST-SHAPIROINFO/test_fixtures/j0740_gate_negative_download_open.yaml,generic_registration_only
1caf30ac0b653fa114d535f66c05c14b35833dfdd66bb354e14144ccbbb86f7d,data/QSB-ST-SHAPIROINFO/toy_comparator_config.yaml,generic_registration_only
b3afbd701c7a531228324a4809f6073fd7911e9ba09a3867b646c75f9c0589f6,data/bmc07_config_coupling_arm.yaml,generic_registration_only
afca25eb3f6513bcc83e431845ea202e04e74ca80f437ea274bca01329bc16be,data/bmc07_config_minimal_readouts.yaml,generic_registration_only
49007af32b330a7d4ab839d43e05fc413bc0b52ede61de17c2606ffdc4ae3acf,data/bmc07c_backbone_variation_config.yaml,generic_registration_only
01a958169a7258cb5828c2d2e6180d53a242c32131920ebcff86028252a05f05,data/bmc08_realdata_config.template.yaml,generic_registration_only
458dcddd079ccbf531d1f5f7a444ddd078862e6dc751d4e82f1b54b407c11c3f,data/bmc08_realdata_config.yaml,generic_registration_only
c9c2dfdc1f2544a3fb74aa15b567e6b8ebfc2502eb92aa7cfbd1b926c7900518,data/bmc08a_m39x1_featuretable_config.template.yaml,generic_registration_only
c43aaf978d12ac8652b093cc618ba336625c556383bf869faabbeedf01f29523,data/bmc08a_m39x1_featuretable_config.yaml,generic_registration_only
da995f9954900fc95eb23228b7d6ba75e08abcf7b1c52fca6a8d68ca8d8df1d6,data/bmc08b_m39x1_no_ring_mirror_config.yaml,generic_registration_only
ee135885c5b51c8f0993fdcdbacf5de868f9e8bd4f28b6ecb927d6c2cd8562fc,data/bmc08b_realdata_config.yaml,generic_registration_only
75c0cb4fb0bcee5c4ee36e304e5235f9767dfe11884be890301860f4c4ec9c84,data/bmc08c_m39x1_sign_sensitive_ring_config.yaml,generic_registration_only
0f9d648e1a49683c9a01ebc46fe39659a6abd522b2cf392c868a58f4ccacf6f2,data/bmc08c_realdata_config.yaml,generic_registration_only
eb6a2def6d6078a4a9e0ec8ec8ea6d5f2b9342ece5fc051fa4dfa51bd975571b,data/bmc09a_knn_config.yaml,generic_registration_only
3271c4d8b04aec4838a814579c6946a33409ffde3c0d0ac121338dc65cf952c5,data/bmc09a_realdata_config.yaml,generic_registration_only
7569402370df26ac175ecedcbd82a99eb8a31f4b375851a3dee5ea57ce9eacc3,data/bmc09b_k_sweep_config.yaml,generic_registration_only
49fd396cb0b0e3d8212b817b4c63e5fccb7a61fc01c02475b801d79fa1839c46,data/bmc09b_runner_config_k_2.yaml,generic_registration_only
cfdb17acfbefaceba12ba88fed10d7e88f1ebd1783cd66868bdcba06c2c94496,data/bmc09b_runner_config_k_3.yaml,generic_registration_only
18db48954882caf3378b95d12441e18d5db4945881a5eac6550804d7d53938fb,data/bmc09b_runner_config_k_4.yaml,generic_registration_only
d6dc254caa563ef5743a7c47bc0e9ab512d169b36f1c3b56cd8763bf62b79926,data/bmc09c_mutual_knn_compare_config.yaml,generic_registration_only
53dc9da82e78e3ccb4b5b75be1216499a8fb24484b428debdb61c11af0af3bba,data/bmc09c_mutual_knn_config.yaml,generic_registration_only
767a6d8e6b74d9fc1b8a8778ab55bcf1a9764686fe6f1292abc79e374d78e3ba,data/bmc09c_runner_config_k_2.yaml,generic_registration_only
810b357bef41c9a4663c7219253c233471f6ca17bc16cfa11c6cd3fec8b09160,data/bmc09c_runner_config_k_3.yaml,generic_registration_only
8993ebbaf0b419f551a1bb7ce325ce679dee377ef494ec870c9c10c9a31ce29d,data/bmc09c_runner_config_k_4.yaml,generic_registration_only
f2309c13544db05494b6bcd61b6d826217086c69ea055e8fa15993a8d2bb5db6,data/bmc09d_runner_config_hybrid_k3_tau_025.yaml,generic_registration_only
87cdf85c0b33cdb2a159d2c10bed590da13a8630569bfed9e354476e22db94c9,data/bmc09d_runner_config_hybrid_k3_tau_03.yaml,generic_registration_only
265144cd1ef308f7a4326d7547e6df368aabf09c2798f2d4ca385d5b3a1bed66,data/bmc09d_runner_config_threshold_tau_025.yaml,generic_registration_only
785ea2ad55d298386188dffe97488d494a520e71080e4d93ecaec08ef0ff1987,data/bmc09d_runner_config_threshold_tau_03.yaml,generic_registration_only
136ca31f33c4080c2ebe26450417df9a9ae67e383d13c0fa98ab36178df80690,data/bmc09d_runner_config_threshold_tau_035.yaml,generic_registration_only
d3095411d52e52e892819ed35786fd8a170d6b18fd2ddd0b736508aebbc526a0,data/bmc09d_threshold_hybrid_compare_config.yaml,generic_registration_only
ab08021ff743de28768458cbfa380dee794b62726089ffa00c0b4eb94458463e,data/bmc09d_threshold_hybrid_config.yaml,generic_registration_only
c2ffc5b3fffd79dbdabb83873421a8c9a12586b252943e59359b080341549911,data/bmc10_nullmodel_compare_config.yaml,generic_registration_only
79362757ec170f31452e12048711a4a04a7081459db1dcb844c391ba2923e3cf,data/bmc10_nullmodel_config.yaml,generic_registration_only
e60472c93ae8b7f208ad62ec964218c524129ff235e6aad5e40bc8c3b86c3354,data/bmc10_runner_config_seed_101_threshold_tau_028.yaml,generic_registration_only
68ebd9398216947fc2de04ca89b864392e3d12b697bdf3569d2b7a605d0567b1,data/bmc10_runner_config_seed_101_threshold_tau_03.yaml,generic_registration_only
0fe0e78f00e90c62429385e1fb45de16801a4ec3c77890d156a82286f86ddb5b,data/bmc10_runner_config_seed_101_threshold_tau_032.yaml,generic_registration_only
13ea11ca5dfb5018218bd90affbd82fc3c66e7d4335d0628975fa0a0de6fd42d,data/bmc10_runner_config_seed_202_threshold_tau_028.yaml,generic_registration_only
d7eff1656482c45de8c669463f4c28439fed49db9275309118b55a8b02ca8aad,data/bmc10_runner_config_seed_202_threshold_tau_03.yaml,generic_registration_only
6a550ad266ea913186f7aa143529b1cb959a8c2d730cec4a1ab7fb8f51653e11,data/bmc10_runner_config_seed_202_threshold_tau_032.yaml,generic_registration_only
f8c1d98e18420edda2fe0b9e4b0ea07c6878dcf2b34e7a6fe44c5751121c14a3,data/bmc10_runner_config_seed_303_threshold_tau_028.yaml,generic_registration_only
6b920bf49999c835e528552fa2fbc79e9f0c28731c2f7e5d58f1030c68d19615,data/bmc10_runner_config_seed_303_threshold_tau_03.yaml,generic_registration_only
459992c7fce0a622a9042984daa5885fce2b97e3ab25716a5a006549864c8fd0,data/bmc10_runner_config_seed_303_threshold_tau_032.yaml,generic_registration_only
e43cde4921930193d1743f255ef62402762ea4bba3411cc1956ed7777f44f1f3,data/bmc11_cov_nullmodel_compare_config.yaml,generic_registration_only
1d2017b30add832fab896f9d591af9d527560be2e7e7459b62c378631f759d53,data/bmc11_cov_nullmodel_config.yaml,generic_registration_only
d15a3411b13ead64f436c529490a09f24f43be87ec5c7d64b647df18c779febe,data/bmc11_runner_config_seed_101_threshold_tau_028.yaml,generic_registration_only
f6c157dc1ecf475adbae780bc58163ca13b5bd42ed23e3283cc34f4403b2307d,data/bmc11_runner_config_seed_101_threshold_tau_03.yaml,generic_registration_only
fba5639d60429ca06cacc0944c7defca6fe013820c99c2cb70228aeff06bc92b,data/bmc11_runner_config_seed_101_threshold_tau_032.yaml,generic_registration_only
09007fe3b4d6360a8100e7e4831470a994a81d8b1a51e6895c6a2e1b201054a5,data/bmc11_runner_config_seed_202_threshold_tau_028.yaml,generic_registration_only
86964776bce367764a0a2eb659fc594db10d5861ba07c9fbfd75380666318f01,data/bmc11_runner_config_seed_202_threshold_tau_03.yaml,generic_registration_only
9bc6f832a00e75a0ed8c2fa5c6696baad6c8f9ef3bc44106b880d767d4fad0c4,data/bmc11_runner_config_seed_202_threshold_tau_032.yaml,generic_registration_only
14d099908f90462daf468b078fd1ecd94d1f2f54e30fd8677ef43e25036079af,data/bmc11_runner_config_seed_303_threshold_tau_028.yaml,generic_registration_only
e333c6ed4571ad7114bd4e077e0431aea0f7451d96b9951f714fa5bd2eed4320,data/bmc11_runner_config_seed_303_threshold_tau_03.yaml,generic_registration_only
123e3121534f2b7256f64416427ad9d22849bf833f98120adb160d8b89a9d233,data/bmc11_runner_config_seed_303_threshold_tau_032.yaml,generic_registration_only
fb875ae93c05e1146014edd17f229d8ecd17d11b8d348e3c850ba2ac126a8d1b,data/bmc12_feature_leaveoneout_config.yaml,generic_registration_only
2a537aa484d4a7247fea4f548a6e29956deb9c29f5c63a5ea0a9029a8a5b68e9,data/bmc12b_matched_leaveoneout_config.yaml,generic_registration_only
1cc9a98a8c57d100e1f0a1014b7061b716e4e9b89944faa18881c8de3f3a8369,data/bmc12c_backbone_aware_configs/baseline_all_features_fixed_tau.yaml,generic_registration_only
8d169c5ba084bf8ca880168bacb501655d1dfc0f30597ada918526373f59e4da,data/bmc12c_backbone_aware_configs/matched_drop_feature_length_scale.yaml,generic_registration_only
1864d523ff914fd9e351265b9cebb5c4b494756fb01c1e6769896e8955bf074a,data/bmc12c_backbone_aware_configs/matched_drop_feature_mode_frequency.yaml,generic_registration_only
8042abf2336f51e4038091150c9e8e95a1ec6c771d9c8d03e4bd76d912002ff9,data/bmc12c_backbone_aware_configs/matched_drop_feature_shape_factor.yaml,generic_registration_only
1034652c7dd03282d8152b72d61d2d770adc649c7eb192f3f720bd0bb99a1362,data/bmc12c_backbone_aware_configs/matched_drop_feature_spectral_index.yaml,generic_registration_only
621bba7f6864d3688b20d8e768b834e279a27821c392ede176a3af5e5ed648b2,data/bmc12c_backbone_aware_matched_loo_config.yaml,generic_registration_only
e6cd951bcc3d2bda6c18243bf013b5cd3f93847b606ee5853bcd99c79ec51e57,data/bmc12e_edgecount_neighborhood_sweep_config.yaml,generic_registration_only
3538246a9f8423941cef2905cd018e2540634d87a32761e363210d83efc69c92,data/bmc12e_edgecount_sweep_configs/N_70/baseline_all_features.yaml,generic_registration_only
f96be3ca4c54403584055babd6ad41d32d2bc0eb0d82ec5b6466e4768adf74e9,data/bmc12e_edgecount_sweep_configs/N_70/drop_feature_length_scale.yaml,generic_registration_only
b305da3bc5d57989f6da02e5337335c2283ca0b6d9d2cce8bfe3d620f25cb457,data/bmc12e_edgecount_sweep_configs/N_70/drop_feature_mode_frequency.yaml,generic_registration_only
f6db3a75618dd5d6b8706f861134c3448d35942180467d007ed5e30c4eeeae32,data/bmc12e_edgecount_sweep_configs/N_70/drop_feature_shape_factor.yaml,generic_registration_only
d9a752dbd7dc2aa44e815676a144b5243e3957ef79f600982e40ae78c5ad6e87,data/bmc12e_edgecount_sweep_configs/N_70/drop_feature_spectral_index.yaml,generic_registration_only
a466fae90589b7451e881976b2595035a6552b76ede20bd260d367895547c9f8,data/bmc12e_edgecount_sweep_configs/N_75/baseline_all_features.yaml,generic_registration_only
1e03ac04adf729971e32e7427fe835558294cedc6680f93e5859aab0ad674a64,data/bmc12e_edgecount_sweep_configs/N_75/drop_feature_length_scale.yaml,generic_registration_only
b012eccc2574096ff4be04b8427d201cc353f1b1e075b1e8f5aba8371cb5ec96,data/bmc12e_edgecount_sweep_configs/N_75/drop_feature_mode_frequency.yaml,generic_registration_only
eedb75dc512d67e7cae0f2ee8d0e52295652d814dda252cfcc19c4da037b4b53,data/bmc12e_edgecount_sweep_configs/N_75/drop_feature_shape_factor.yaml,generic_registration_only
d7f97630b84300ae428ee5b14a2ccd48bf6fac59e547f5830b4ba17f7cc1285f,data/bmc12e_edgecount_sweep_configs/N_75/drop_feature_spectral_index.yaml,generic_registration_only
a0f4f0f495eaf51e9a71fd5981bd81a67eb378ac4d19eeb3a820807c0cafac3b,data/bmc12e_edgecount_sweep_configs/N_81/baseline_all_features.yaml,generic_registration_only
6d20dca2b0b37798c59f00602d23861e9b01d5bb3afe37e9b3d1857818c71958,data/bmc12e_edgecount_sweep_configs/N_81/drop_feature_length_scale.yaml,generic_registration_only
2ebc5a7032ef39bcbc692acfe21a6f984651c8db54f85f70adf0bb5a41d3d86a,data/bmc12e_edgecount_sweep_configs/N_81/drop_feature_mode_frequency.yaml,generic_registration_only
761b565bb925239cfe270790679ff5c421169cfa1ce514e9180b3930a7d9f088,data/bmc12e_edgecount_sweep_configs/N_81/drop_feature_shape_factor.yaml,generic_registration_only
351112964df5ce5bb022655120f4077c53503d0903644592525a28d894640a43,data/bmc12e_edgecount_sweep_configs/N_81/drop_feature_spectral_index.yaml,generic_registration_only
37c77b40cb31020a64925afa568c03d790c2ab2ffdaa7558fd95f6a0e8d03fce,data/bmc12e_edgecount_sweep_configs/N_87/baseline_all_features.yaml,generic_registration_only
03f802fdfd4882b9a9ab4685f8bae53cebbfdffff71e9499e8fa8f460052f62a,data/bmc12e_edgecount_sweep_configs/N_87/drop_feature_length_scale.yaml,generic_registration_only
5f40d17eb4459825f7ec0b5b05fb14f2abaa893f3491fe54bdb6e01ab4597434,data/bmc12e_edgecount_sweep_configs/N_87/drop_feature_mode_frequency.yaml,generic_registration_only
04ac20e00bdd8085bd4b38a449b0fa8d19fe7b420c3cfaf70015da7ec99f303a,data/bmc12e_edgecount_sweep_configs/N_87/drop_feature_shape_factor.yaml,generic_registration_only
83c8fa12570bbcf4e6e1cbd1465344dd7ed79598ab6b132ac994a8f38ffeeb7f,data/bmc12e_edgecount_sweep_configs/N_87/drop_feature_spectral_index.yaml,generic_registration_only
e62833763cf21c620b47b475565d543cef73d0e0b6ca251653d1c9ccd962fbce,data/bmc12e_edgecount_sweep_configs/N_92/baseline_all_features.yaml,generic_registration_only
1f0b9f5ccc4d037ac81dc204dc228fc009827b1b9e00a3325d99e36dc7b61196,data/bmc12e_edgecount_sweep_configs/N_92/drop_feature_length_scale.yaml,generic_registration_only
48b2b9bf697c3c43ca7fecf88834997a691a5e9c37b4a366c92f476b4aa6366e,data/bmc12e_edgecount_sweep_configs/N_92/drop_feature_mode_frequency.yaml,generic_registration_only
541668fe0e6e069b51c97d6219c9f7909efdf6c1d99ee60d5bfd354aab6ded96,data/bmc12e_edgecount_sweep_configs/N_92/drop_feature_shape_factor.yaml,generic_registration_only
31ee24b38600063a265f3845133d3480c253f9d0dfb2e9c74902a45abb37ed1c,data/bmc12e_edgecount_sweep_configs/N_92/drop_feature_spectral_index.yaml,generic_registration_only
f4269a8c3fcc45a8123729f55f395141dd7d82996aa64e0af6e8f31066f34c63,data/bmc12f_decision_threshold_gap_sweep_config.yaml,generic_registration_only
533b0bb3577efe82eeefaaefa91d9ac1bde518a7cea44385c3eeb2fd5d7c16bb,data/bmc13_alternative_backbone_consensus_config.yaml,generic_registration_only
d29ea11d7e59c34b141fa54d03c5478c328e32fc5f9a25f4f74fd228bb19dfe2,data/bmc14_null_model_feature_control_config.yaml,generic_registration_only
d89bcdb80cf80b7d6850b70db999df0dedc1af690145e50983d31bb5602a4b11,data/bmc14d_covariance_structured_null_controls_config.yaml,generic_registration_only
7e579cbff73fe751ec85e0844bf2791f49f57f819ae3227eb4d57b6e39513eae,data/bmc14e_degree_copula_structured_nulls_config.yaml,generic_registration_only
b5a33318d94888b382aee62a1df8cddf08daf2e0f1e938d8a77370148f366227,data/bmc15_geometry_proxy_diagnostics_config.yaml,generic_registration_only
6dc0d13c07350884f3817a86993aa66d1477b6b52837de1f4d09bbebc516ba80,data/bmc15b_geometry_proxy_null_comparison_config.yaml,generic_registration_only
51fee564e4be224f7e56ba19d0032f0643cfc205ae095f2a55adb22f972da30b,data/bmc15e_geometry_control_nulls_config.yaml,generic_registration_only
e1d4d2bca0a26bf12f457ed9369d0f42c5cd5ee5b6ad24d78a3ccb86155c84a5,data/bmc15f1_node_aligned_envelope_sensitivity_config.yaml,generic_registration_only
d120cc5aee42f4e2f19a51781ef3e688cbf0e217d09604cc89d2531defe53fa7,data/bmc15f2_connectedness_transition_sweep_config.yaml,generic_registration_only
82fc6219eb1ba30eb9250a211c505fcfc1ba4020fbbab78ab8883526dadf38f7,data/bmc15f_envelope_construction_sensitivity_config.yaml,generic_registration_only
d3e4541932ba25fa5b8b043eda1a33eab2551557d13d38c423b88c1ac24de5b0,data/bmc15g_core_perturbation_robustness_config.yaml,generic_registration_only
af9a2627d8f2165f022585e2b2a669f441338507b6155ee03596f5270af234d4,data/bmc15h_structured_specificity_extension_config.yaml,generic_registration_only
d2ad961971f280c847d3aa1d122a33854a4b89721372265720b7d2cf7a0914f0,data/bms_fu01_c60_structure_config.yaml,generic_registration_only
93d8687706762db9d3b3cdc05c67edd80ca0ffe882a03c6065946064d12b490e,data/bms_fu01b_c60_core_selection_config.yaml,generic_registration_only
0c36a11f7ad21c8c7ace8abdb9fff77d0a598f44ff54682927c07ce2364171d5,data/bms_fu01c_c60_motif_topology_config.yaml,generic_registration_only
32901bd58100402efff56d07d7b51ef83abf8bbcc575a4d41d8052f3a299a7ad,data/bms_fu02_load_bearing_pattern_config.yaml,generic_registration_only
732ae48fcc381dc4da9aa7b23c0e5691f0eeb5b6543122eaa38eec07aadb8ec5,data/bms_fu02b_carrier_sharpness_config.yaml,generic_registration_only
145815e294ff9e8910cfbeae1748bfe12f331df5c3537067e6caae19cb20e427,data/bms_fu02c_representation_resolved_config.yaml,generic_registration_only
3587feb237301d3dde4fd9aedab3cab811e9fd9dd669d3b1f12f69da90614b31,data/bms_fu02d1_face_parser_repair_config.yaml,generic_registration_only
ee3bd7ad013f0f54d2890424f7b155782494dce36bc33bdbfe98dd6f8594e886,data/bms_fu02d_carrier_role_geometry_config.yaml,generic_registration_only
7adb2481be4e447668bd7021312a39d2ec6f8d8e4ee29d9653add57661d522bc,data/bms_fu02e1_role_balance_localization_config.yaml,generic_registration_only
9e1c2e67ad8129b7d917cb236832ad99822656f2380578bdbc13832b54a1e721,data/bms_fu02e_carrier_role_null_localization_config.yaml,generic_registration_only
f0758ec340603bc0776397d9407cbfb65f7c213dac60094abab178b81bc76129,data/bms_fu02f1_face_id_interval_repair_config.yaml,generic_registration_only
b7398f44d2abdf976b40052cd65641555dc25cda1cca0edf8ec8ed33f280a8a6,data/bms_fu02f_carrier_role_visualization_config.yaml,generic_registration_only
9c162aa78b6c1ccae55dcac24d86bf21edbc34d0220fe309b05c3263435e0ef4,data/bms_fu02g1_structure_inventory_config.yaml,generic_registration_only
a624e8b0594aa01ec05bc0ef4382bc850047ab4ff65ca8ade5a61b9775816303,data/bms_fu02g1b_nanotube_topology_repair_config.yaml,generic_registration_only
820c4e6234697c8be2dd8820bdfaad04d3828a73e989c75ddc2c3b7e773dd2dd,data/bms_fu02g1b_nanotube_topology_repair_config_resolved.yaml,generic_registration_only
40b5fd43b4a6fae87c8a23366fadd244d9b1b91b8467be8d11d28841021d3ea9,data/bms_fu02g2_carrier_diagnostic_transfer_config.yaml,generic_registration_only
b9f0e16edb94c52314d13d93738b5897c3b56c4cc79f860b441218836a841f8e,data/bms_fu02g3_real_structure_memory_null_config.yaml,generic_registration_only
d0bc2969a6d46f799d5ac59d8a1c63815fd778b0bf608b137eb6d702379b964b,data/bms_fu02g4_symmetry_orbit_inspection_config.yaml,generic_registration_only
d849926061512e726092773f70e01deb4098ab7577245fdd18eb7c6ea87f91e5,data/bms_fu02g4b_exhaustive_connected_patch_signature_config.yaml,generic_registration_only
d7b62b152e37cbe386882c33d4c16e60f71c01c9b5261729ee2ab7443728a38d,data/bms_fu02g4c_full_raw_order_replay_certification_preflight_config.yaml,generic_registration_only
3550d9fa72695151395c41293058bdb8d5944d8583aae430ed745e918370c08e,data/bms_fu02g4c_full_raw_order_replay_stage1_disabled_run_config.yaml,generic_registration_only
1a37e9b03944ee8c093cfe5ea099c0d49dd53b610d5bc1bc8a58553bed3cb045,data/bms_fu02g4c_full_raw_order_replay_stage2_candidate_008_disabled_smoke_config.yaml,generic_registration_only
a07510cd3bfa95450f567fca67be9b404a5e8fd4d176e98a94d6bb7925d2b586,data/bms_fu02g4c_full_raw_order_replay_stage3_disabled_full_replay_config.yaml,generic_registration_only
04ff6e910eef504b33c89aaf272ada9aee834f0916643ef7f9e34b1d060c9485,data/bms_fu02g4c_inspect_window_26179015_26180015.yaml,generic_registration_only
3652e166f9dbd78b6028c48c5f9803bc64235c8c4a4578c4ea12ec7e8c3b151d,data/bms_fu02g4c_inspect_window_26179015_26189015.yaml,generic_registration_only
ac49252658b138b93a9b24c928ffa5c580f971727f618a290a1e0d6776c98a9d,data/bms_fu02g4c_inspect_window_26179015_26279015.yaml,generic_registration_only
61e02d46c4532a0fa841c8b444c341a3fb96af1fc2b609ab31f7486ff78f7c26,data/bms_fu02g4c_inspect_window_26180015_26181015.yaml,generic_registration_only
26b5cf983bef7ac67085afec8522743b30d575d5b7233409503674344b27475a,data/bms_fu02g4c_inspect_window_26181015_26182015.yaml,generic_registration_only
3c2d2d543045c52f99690ac34bf7bcffcb7f388d3a9ed7d7f238193e3994f5dc,data/bms_fu02g4c_inspect_window_26182015_26183015.yaml,generic_registration_only
e1e48f3b1d0fc8b5c105e98cac09d1483e6015ce0223d1ec13ec1da130f52f0a,data/bms_fu02g4c_inspect_window_26183015_26184015.yaml,generic_registration_only
f2e94133362250c8447da72052f77bf307cfb1daf942d69db01173de26b5c598,data/bms_fu02g4c_inspect_window_26184015_26185015.yaml,generic_registration_only
46efb450c79f76e328af3d590f9a7a9e0d242f35463b8c1975e3d27236877548,data/bms_fu02g4c_inspect_window_26185015_26186015.yaml,generic_registration_only
163f28efe3846443aaa5a71b45a190d7a69d48d5e90072d2911f7e0fadd84288,data/bms_fu02g4c_inspect_window_26186015_26187015.yaml,generic_registration_only
524126107b95a6a8b778b6e11a780d9caf37c2a6f483d16f29019b4501996748,data/bms_fu02g4c_inspect_window_26187015_26187115.yaml,generic_registration_only
a5e0f0e2d178802d91518bb97dcc7d8fb5434ec36bff1bdf7dc41745cdef5beb,data/bms_fu02g4c_inspect_window_26187015_26188015.yaml,generic_registration_only
78f8f3d874e6fd413c4a299931cb69851d8abb7b94f31f863821c6fbdedbea5a,data/bms_fu02g4c_inspect_window_26187115_26187125.yaml,generic_registration_only
f95a6a1b68e2167990106331db45c31bcd1d7adeca717d25a6ad2d19a0b0afef,data/bms_fu02g4c_inspect_window_26187115_26187215.yaml,generic_registration_only
e3971e2b0ab060725f4765efb013e7f86bd647eee1d414c9e084c5eea78a88df,data/bms_fu02g4c_inspect_window_26187125_26187135.yaml,generic_registration_only
e739699c1428f0b4048db4d802e377c9cd223f818e38e8b5d26271695544b138,data/bms_fu02g4c_inspect_window_26187135_26187145.yaml,generic_registration_only
4e9bd2b211887ad9242391b2afabd0c34d09eb873d58faf03bba32fa01a5c288,data/bms_fu02g4c_inspect_window_26187145_26187155.yaml,generic_registration_only
4b47c6569d6bf498ac80a3ba3822aa9a96cf11c91077028ed57911f0b6a1e283,data/bms_fu02g4c_inspect_window_26187155_26187165.yaml,generic_registration_only
48953ebf27e118fb3f4f2f61c3fabed3a4125f0e1586178ade1ef517c14bf046,data/bms_fu02g4c_inspect_window_26187165_26187175.yaml,generic_registration_only
655fa956ed984d23b11d8299b58db3526846da82b9be23d38afd279c9f5a824c,data/bms_fu02g4c_inspect_window_26187175_26187176.yaml,generic_registration_only
c2b93a682549a0b45b154c89e68dffd6d500219205fcc06cab36e61462630cda,data/bms_fu02g4c_inspect_window_26187175_26187185.yaml,generic_registration_only
89f7d6b65824ea03f7ff5fd7a10e97f43a55cb639145656f72667fbcaee82909,data/bms_fu02g4c_inspect_window_26187176_26187177.yaml,generic_registration_only
0fce564f33937ebfd03eebcadc9d3718c2176d8191d6bbf114c1516fc6676e15,data/bms_fu02g4c_inspect_window_26187177_26187178.yaml,generic_registration_only
16b7afb6c7ab938bd826b34b450942688b423a07694f5e08e54004870a660359,data/bms_fu02g4c_inspect_window_26187178_26187179.yaml,generic_registration_only
f47af84ce6a89fe7c466c396950ba8036085aa5d1d670d0514ebb7b34e36c278,data/bms_fu02g4c_inspect_window_26187179_26187180.yaml,generic_registration_only
f900a30eedf43813065f5ce889f3d032b2da26d03f9c4fa68a04d802805f5dc8,data/bms_fu02g4c_inspect_window_26187180_26187181.yaml,generic_registration_only
22ff39b9dfc1babfb6f913e84f2f28ebbb030854884601fbd6a2a00e4f6f40d7,data/bms_fu02g4c_inspect_window_26187181_26187182.yaml,generic_registration_only
979be5409546aaa29c2689c214bc6dfc58c018e65607d591edcd51b7c3fa02a6,data/bms_fu02g4c_inspect_window_26187182_26187183.yaml,generic_registration_only
d4d9e6aec054769423835de39ad479adbe27966b100498efbcc84e96f137f9a9,data/bms_fu02g4c_inspect_window_26187183_26187184.yaml,generic_registration_only
1f237767bf9bf48d4519dccb6485ccab42f19b9b107aff8340df4e66d8abf796,data/bms_fu02g4c_inspect_window_26187184_26187185.yaml,generic_registration_only
3885dc8c11730496d8161fe732090184cb221ba28617ed13c50bffbd8d2a3251,data/bms_fu02g4c_inspect_window_26187185_26187195.yaml,generic_registration_only
dec68af9324c10457d5eef2a9f22af2ee965440874cdf44a11d6b199fb6eb898,data/bms_fu02g4c_inspect_window_26187195_26187205.yaml,generic_registration_only
0d6ef055d0b068052a634180d034c21463f96521aac610e50bd86c0245a3fcef,data/bms_fu02g4c_inspect_window_26187205_26187215.yaml,generic_registration_only
67c3f5285cb991d53ee8ad7f94c9c58c5a4a359740323c3b76b72b75924354cd,data/bms_fu02g4c_inspect_window_26187215_26187315.yaml,generic_registration_only
eb09418accc8041990b9d71a0b351b23fa3c821e9d9aaa5849ac3d43fc7006a5,data/bms_fu02g4c_inspect_window_26187315_26187415.yaml,generic_registration_only
cb089f0b5cf4dfab1f7584ec5ba94d781557cc074a8be4a7d2146038859f7307,data/bms_fu02g4c_inspect_window_26187415_26187515.yaml,generic_registration_only
65bb5026d68627d9dcf8d73b79f0fb101db1e5de843a1c4c4290c2e3c43ea659,data/bms_fu02g4c_inspect_window_26187515_26187615.yaml,generic_registration_only
a79fbf8e99b115937c5c9481460e0a3858f5407e8d7c0a3f065530d655bf0416,data/bms_fu02g4c_inspect_window_26187615_26187715.yaml,generic_registration_only
a260df02d55ec2c1a000403dda7fa93844e659f001cccb7771d8a81d1a21222b,data/bms_fu02g4c_inspect_window_26187715_26187815.yaml,generic_registration_only
8b428c588937639e53d81a030e15df695ae3551b64bfbb738fe1791b8f6bac92,data/bms_fu02g4c_inspect_window_26187815_26187915.yaml,generic_registration_only
311d32ddfe652021118d9407a75ca390a5301d08075eed598b60158e84d8bf91,data/bms_fu02g4c_inspect_window_26187915_26188015.yaml,generic_registration_only
37d5257f226a53df59840a2fc95eab2ff566f6ab2342c74cba1f3c37439ed2d5,data/bms_fu02g4c_inspect_window_26188015_26189015.yaml,generic_registration_only
af12ddae6939fc0566bd960a142130bd90f5c08c95fc66f80f97e6d130f8d732,data/bms_fu02g4c_inspect_window_26189015_26199015.yaml,generic_registration_only
6f04f25c06178d1db449c8f2de9e1b55b631c550d876161fe4221dc9434708c2,data/bms_fu02g4c_inspect_window_26199015_26209015.yaml,generic_registration_only
037aed833c06f110aa7d6a2bb280ccfbb4e3010431df591ac519a02550cc227d,data/bms_fu02g4c_inspect_window_26209015_26219015.yaml,generic_registration_only
24e08b1f33c1d1266e8bc54c491986c1c625f3d5218db4bcd77170ec6346fd06,data/bms_fu02g4c_inspect_window_26219015_26229015.yaml,generic_registration_only
acfb6838ae6fc88161597a4cdb956d6662b218e0c0aa5e874a33b1162370d3e6,data/bms_fu02g4c_inspect_window_26229015_26239015.yaml,generic_registration_only
345dd66dce4fcb048834279a7c388ad9e276bc8c8c767e2a2ef27ad024ae7fe1,data/bms_fu02g4c_inspect_window_26239015_26249015.yaml,generic_registration_only
a25a4884d4d3f6ea2a1d1c96b9231b293aed08f5e7ff6722bc4a65a4226e3739,data/bms_fu02g4c_inspect_window_26249015_26259015.yaml,generic_registration_only
359d8fe4ba1444810cfb6064718c4d8384fd169a4694d98b31ea4cf414dcd747,data/bms_fu02g4c_inspect_window_26259015_26269015.yaml,generic_registration_only
770a35277169cdbf817f8c1c77ae2399474168d2ec9a0d2ae4591373a6c742d6,data/bms_fu02g4c_inspect_window_26269015_26279015.yaml,generic_registration_only
48e0672d37539760edfef533135d8e7d50d03d7007b524920ea68f1b10c2b56d,data/bms_fu02g4c_orbit_reduced_resumable_config.yaml,generic_registration_only
22eac46488964fd5773deff65912a4fba128490785c71b32e53451c2c96abab2,data/bms_fu02g5_role_assignment_sensitivity_config.yaml,generic_registration_only
a1e899298fb784c769397f30ec74c23986e0e214569d6c2c8a3cdf44e10b4a2c,data/bms_fu02g5b_first500_enumeration_smoke_config.yaml,generic_registration_only
5f2365e36d4c6903751edc034f293d903030efb4c7b69327cf75b34ede9393f2,data/bms_fu02g5b_window_around_exact_patch_config.yaml,generic_registration_only
2203aaf233003986f99a4cdf1eb106346bcff3de9f3fe0a3c654a391f5ae97e4,data/bms_fu02g5d_automorphy_only_role_transport_config.yaml,generic_registration_only
2a876d786693d560abcd12410a6ed462c4e9765479c67b10d0aeed5e833ac3c3,data/bms_fu02g5e1_near_match_localization_config.yaml,generic_registration_only
9858367f25e7ef33fd3cd5d2b5f3047b354f2341b3dc5f21733515ce37866b1c,data/bms_fu02g5e2_near_match_decoy_classification_config.yaml,generic_registration_only
8a5305f042a5b460f79e3b9a0cf3fdb8669fb4558d7f92244b6bc6ba50020f3c,data/bms_fu02g5f_raw_order_replay_certification_config.yaml,generic_registration_only
12c66391933709fb0d0afb02daa6cdfe765599f0868743df1fb9e4ff91be1d44,data/bms_fu02g5g2_narrow_per_index_replay_photo_certification_config.yaml,generic_registration_only
54aaa7d36eb2742caece56b4bf335714fc20bafb8164119292e302d3593f5d1e,data/bms_fu02g5g_fu02g4c_raw_order_replay_certification_config.yaml,generic_registration_only
4242f3d8ddd92f93d0698689cbf60ad98b5519854c8ad167f4d6611462183322,data/bms_fu02g_structure_inventory_config_resolved.yaml,generic_registration_only
8381032fec2cc419d6dc8d0b0262c4806f5a5bae9310f7f7c1dbeb04d7c19b2d,data/bms_is01_isotope_structure_config.yaml,generic_registration_only
564ae543ae4f2a9aebb0d6afdb8b98d54e027b86e12c0a757ec5c779fa93bea0,data/bms_is01b_family_balanced_config.yaml,generic_registration_only
3251f5234092849af9934c48202322e8955f80a17e205b7316a018fc614df9e0,data/bms_st01_structure_information_config.yaml,generic_registration_only
4bc3017d514267651a48568729371ef21f4aaf8184b315bfa31db325ad730476,data/qsb_bridge_num_04a_phase_sensitive_toy_config.yaml,generic_registration_only
5bd1626b8f1022396689db24c2cbc03730b20b96f534bc60c2a72aa94e99141f,data/qsb_bridge_num_05a_geometric_validation_config.yaml,generic_registration_only
7953266dc547d9f440062f342d623167ab8668ee014c621253c82f0330e8ee96,data/qsb_bridge_num_05b_phase_gauge_flux_config.yaml,generic_registration_only
371fc954659fe61a28aa1b9f5197899d7367913915dc00913153f363b6bcba9c,data/qsb_bridge_num_05c_perturbation_noise_boundary_config.yaml,generic_registration_only
5891302242a687b1b7ff3b4e0a00f43634fc78530cdfda9932d595f35c85ab55,data/qsb_st_comp01_wifm01_minimal_metric_config.yaml,generic_registration_only
1db16827ff5303c950d47840a9c9684b01cc91e8abae0416b08240548a73d06a,data/qsb_st_comp01_wifm01b_minimal_metric_sensitivity_sweep_config.yaml,generic_registration_only
cb0b070b4a7f8f6cc2bee93aa3b2f84bd78911b529c62b620c1ad107ba5feead,data/qsb_st_comp01_wifm01c_adversarial_ambiguity_stress_config.yaml,generic_registration_only
dd18f0ec1f08ee44ab0f4650bb45138bbfcd1313d659be797385e19a1f57da06,data/qsb_st_comp01d1b_wave_identity_residual_minimal_config.yaml,generic_registration_only
d0065a944126cf4275ea3ed0ca71bc63550aa248be6752c1c92059aaf0e582e7,data/qsb_st_comp01d1c_wave_identity_residual_control_stress_config.yaml,generic_registration_only
9439d0cc4b140879e662918800d83f003be64eb97368f0d45e9236a29e1e6ddd,data/qsb_st_comp01d1d_wave_identity_manifold_degeneracy_audit_config.yaml,generic_registration_only
aabf02589b34771e225360564330dcfdeb1894ec227e0403a79832d121098386,data/qsb_st_comp01d1e_collision_aware_wave_identity_profile_config.yaml,generic_registration_only
a935122eb8ccdf497a8225e5ff2367c845b25cd43be27227354cfbf472cea378,data/qsb_st_comp01d1f_collision_aware_profile_robustness_sweep_config.yaml,generic_registration_only
deef0c151653215f0a6bd61b9253fed37c3edab5e7d786a7e672946ee717bbe8,data/qsb_st_comp01d1g_warning_driver_decomposition_config.yaml,generic_registration_only
56a715f1c1b1bec6b52ee7718b51930b818a1762352b89815c28c07eee35b2bd,data/qsb_st_comp01d1h_cyclic_coordinate_acceptance_region_config.yaml,generic_registration_only
cc005586af52f687dea74f8f899c6eb2b8d356632eceff26601c741a285f2def,data/qsb_st_comp01d1i_cyclic_phase_source_validation_overstrictness_config.yaml,generic_registration_only
0801b3460e467871ef856a7f87e23cbdb81c9d21d46cd049e5f1cfeb83686a47,data/qsb_st_comp01d1j_explicit_phase_field_exposure_cyclic_recheck_config.yaml,generic_registration_only
fcb71ab8459c9efe220e800e4f6d731f8089f15d1031a00c3ece93fb1a4b8eff,data/qsb_st_comp01d1k_deterministic_synthetic_phase_field_exposure_config.yaml,generic_registration_only
3fdb22fdeb491cd3ea03a5577bf75623ebc97333251f5acd99dfcc35ca59e495,data/qsb_st_comp01d1l_synthetic_phase_leakage_tautology_audit_config.yaml,generic_registration_only
30cf15a34afa6983e06b5b820a61994d8be52f505623924a4a1163a7cb702a59,data/qsb_st_comp01d1m_multi_channel_synthetic_phase_identity_profile_config.yaml,generic_registration_only
fc353711246c66de70d5bb14445de02e74a30cae92d88e553d2599bfadfecd9a,data/qsb_st_comp01d1n_d1m_output_audit_and_runner_refinement_config.yaml,generic_registration_only
d797094ce54207c05a5cf9201b1f7168e9c7c99bd198ca453db10eed9647c709,data/qsb_st_comp01d1o_d1m_refined_multi_channel_profile_config.yaml,generic_registration_only
5c6e15afb1cda8a7234e7ac3041037f6b09c0364e6f65dd4a53ad6581d1692aa,data/qsb_st_comp01d1p_d1o_refined_output_audit_regression_config.yaml,generic_registration_only
ad6b77cce2a5d43890ac33a11bde733f111499c66214abfee72c43f1938806f9,data/qsb_st_lic01_tau_epsilon_phase_response_config.yaml,generic_registration_only
4156dc378dd0c830ae5e78e4fa3183a32b3b038fcff4903e1e62faa895f3feb0,docs/QSB_BMS_IS_IE_ST_FU_Interne_Gesamtnotiz_2026-05-01.pdf,generic_registration_only
203f773d897eedf7da5c68fecfa4a1097a6ea4d046e80bc8b2edce7a21969abe,docs/QSB_FU01_FU01b_FU01c_Interne_Ergebnisnotiz_2026-05-01.pdf,generic_registration_only
411ee5f2f45acc69d6909a5c79e59779dd952a146ce8ff6728d43ab1a8e8c993,numerics/debroglie-phase-bridge/.gitignore,generic_registration_only
52d87939131c693cba815e1b6b687fefe1fe2896bf3d1eb0b4062e3b7e1f5696,numerics/debroglie-phase-bridge/CITATION.cff,generic_registration_only
fcac95a8d3de70ceb4f8624b644c30a6f909e8ce6404f87bdc2959ace5e65ad1,numerics/debroglie-phase-bridge/LICENSE,generic_registration_only
7278e8a77c960c0b7f52edc2aaf78cf3f77bd6b4aa68fc87a4c2652d84a8731d,numerics/debroglie-phase-bridge/_quarantine/bridge_carrier_block_d.py.bak,generic_registration_only
1090ba08131a5716f18ffcbacd919e6ec178a558f3aaa2c491744250596cf5ff,numerics/debroglie-phase-bridge/_quarantine/bridge_carrier_leave_one_out.py.bak,generic_registration_only
acd4eee77366741e08cef5a3074d930b76afc59e645b1ba9b8e8f770131f1bbc,numerics/debroglie-phase-bridge/_quarantine/run:.yaml,generic_registration_only
42529e84bac2b796d281416f76a3cc830aac83286b83f7f9244fbda4be1355a4,numerics/debroglie-phase-bridge/bootstrap_m33_v0.sh,generic_registration_only
5ee0904bc5ba3b04e56068fade4a3f544488953cdc73c84dc7ddbb0e01439bf3,numerics/debroglie-phase-bridge/configs/config_m39a_family_full_audit.yaml,generic_registration_only
de831a24e7b631facee0d946f3b1aa7e78497f292686796cae49967bec610231,numerics/debroglie-phase-bridge/configs/config_m39a_family_invariance_precheck.yaml,generic_registration_only
69f98003c6894266d8d7fcc3205415bbdea93171f278abd6368fb7f571b540a2,numerics/debroglie-phase-bridge/configs/config_m39x_external_reference_audit.yaml,generic_registration_only
b0a976afa86a7e827dbf90b8434fdc31a5007cd08208153935a1ec40d1418faf,numerics/debroglie-phase-bridge/configs/experiments/.gitkeep,generic_registration_only
73e8bd51200c2d957fc4cef78d9f25e396f7fef820bf5c42f4c56b7eef0ac9ca,numerics/debroglie-phase-bridge/configs/m39a_family_definitions.yaml,generic_registration_only
6cac176edd77a881a48589a77e96abcdf0744ba1b6334a8a3c72be5f90bcc0c1,numerics/debroglie-phase-bridge/configs/m39x_external_reference_families.yaml,generic_registration_only
7e311b7ccbfaf4aabbf6ecb13325fd0b0209b48a8d7f8d19baf58d6a0eed4ebe,numerics/debroglie-phase-bridge/configs/null/random_phase_reference.yaml,generic_registration_only
e5b0d648ac282ac4ed8ac9cf47088c3d1bbf193cf737a4d606c9def692bff09e,numerics/debroglie-phase-bridge/configs/reference/force_reference.yaml,generic_registration_only
cab3593dc9969b0e1cedf3f43715c7021473fe35aa49d77403a6b3aeebd9ddc1,numerics/debroglie-phase-bridge/configs/reference/free_reference.yaml,generic_registration_only
399923f32fbcb07680ee66435f496b1e2d0ed44c1ca080a1a242606e9ee2ee8a,numerics/debroglie-phase-bridge/configs/reference/free_t0_mass_sweep.yaml,generic_registration_only
42c95864e3008c474f2aadffc1fd7811a9df8ac03af4b1546487ccaeaef5e1d7,numerics/debroglie-phase-bridge/configs/reference/free_t_nonzero_mass_sweep.yaml,generic_registration_only
9264dd7f4d34435608004a832e18384141bd008f4de63a6fc891614f57bc91f2,numerics/debroglie-phase-bridge/create_results_tree.sh,generic_registration_only
0c2e2567fbef4df46a74563934439c39a9a5ba183dda6b0d6c3d93b238463ab1,numerics/debroglie-phase-bridge/data/interim/.gitkeep,generic_registration_only
13523c46f08fd21aae8efa99bdc4a46c7100a2903c4fd4a51f18cee1e27b348e,numerics/debroglie-phase-bridge/data/processed/.gitkeep,generic_registration_only
43d35a6e3b0123b3453b57cfb4288db78037e012e668a51c97a989d4a9141f2b,numerics/debroglie-phase-bridge/data/raw/.gitkeep,generic_registration_only
2860011b0bc13c251a7faec2866392014ad272bfd85dd22eaad53304cb5a7884,numerics/debroglie-phase-bridge/docs/figures/.gitkeep,generic_registration_only
e8cdfbf92e178350f902db44aefeb9ed5c81ddc273ca3e330b39cb145fc6e294,numerics/debroglie-phase-bridge/m33_v0_scaffold/configs/config_m33_v0.yaml,generic_registration_only
9e07e2d228c8d15756a23cbe36c4eb9897155aa57bc985d2f3fead14a8bdba3e,numerics/debroglie-phase-bridge/m33_v0_scaffold/configs/config_m39a_family_full_audit.yaml,generic_registration_only
4323df0aa6a6fb6ff648ce252322ededfb42899c49145e2c695caadf12262a23,numerics/debroglie-phase-bridge/m33_v0_scaffold/configs/config_m39a_family_invariance_precheck.yaml,generic_registration_only
fabcb90b786b8f702679ed57c280b2d281ac07f02e6f36482807c3bad37d05be,numerics/debroglie-phase-bridge/m33_v0_scaffold/configs/config_m39x1_ring_dispersion_irregularity.yaml,generic_registration_only
98076d2aff332b03370b9c80c44042435a7361538fcb81e1f6a0307528b6e0a8,numerics/debroglie-phase-bridge/m33_v0_scaffold/configs/config_m39x2_prediction_matrix.yaml,generic_registration_only
01fe37d5c7dde1932aea7cb939db6a4e59c7f885715b84332612cfdd7195bee3,numerics/debroglie-phase-bridge/m33_v0_scaffold/configs/config_m39x3_prediction_matrix_hardening.yaml,generic_registration_only
48ccaac5a6dc61074da9b128213f78eeb33381c2ec651758edca242cf3d02ce0,numerics/debroglie-phase-bridge/m33_v0_scaffold/configs/config_m39x3a_type_b_sharpening.yaml,generic_registration_only
f47a891891da48639d140c2c187969b8c642a938d10adc87448cfc6fe5b7f82f,numerics/debroglie-phase-bridge/m33_v0_scaffold/configs/config_m39x3b_finite_square_well_sweep.yaml,generic_registration_only
a32b297d396acaf1e796a921e2701b546c7935fc595fdc0f4218d213356a42ae,numerics/debroglie-phase-bridge/m33_v0_scaffold/configs/config_m39x3c_ao_model_transfer.yaml,generic_registration_only
ff4d136e81c3847b190d02ad56ccad429f56f3b4fee8bf8c4736a2fd408b78b4,numerics/debroglie-phase-bridge/m33_v0_scaffold/configs/config_m39x3d_transition_mapping.yaml,generic_registration_only
cffe87618ad05bca45f8c974e148764d1c0563623115f59b93632e02de542d69,numerics/debroglie-phase-bridge/m33_v0_scaffold/configs/config_m39x3e_model_overlap_test.yaml,generic_registration_only
5a815aced9943dcbe2fe290db17aac22ed326c57cff43c673ea34053543d666c,numerics/debroglie-phase-bridge/m33_v0_scaffold/configs/config_m39x3ea_feature_distance_diagnosis.yaml,generic_registration_only
b89637a877026c191015f41ade85196f1381595df46cb7fb1e22185b006ae785,numerics/debroglie-phase-bridge/m33_v0_scaffold/configs/config_m39x3f_type_b_map.yaml,generic_registration_only
67ba63c67535d3eee1db69de405d2ad1abc6654102a0cd7ed6c86a07080644f1,numerics/debroglie-phase-bridge/m33_v0_scaffold/configs/config_m39x_external_reference_audit.yaml,generic_registration_only
6730a7eed8247c916ad92af25bed6b7fa1c7a74398eb264c12a48461df52799f,numerics/debroglie-phase-bridge/m33_v0_scaffold/configs/m39a_family_definitions.yaml,generic_registration_only
89399223ef4d6d1e6dba03bd9678e329ee7606f01cf3d77c408f097fec51343c,numerics/debroglie-phase-bridge/m33_v0_scaffold/configs/m39x1_ring_dispersion_irregularity_families.yaml,generic_registration_only
bc3a4a7d7fc0dba6768b5ab251dc5c62671a7f30c7d9ebf9a0882cfba1e508e7,numerics/debroglie-phase-bridge/m33_v0_scaffold/configs/m39x2_prediction_matrix_families.yaml,generic_registration_only
b2a64d4368d3d20314edc9db7ed81d52dcafc6c1a1fd787ed0dae3ddccc15267,numerics/debroglie-phase-bridge/m33_v0_scaffold/configs/m39x3_prediction_matrix_families.yaml,generic_registration_only
e2f6118c6e4e00792bc13c0628c2774ee7ec1c465634320366681b0c1bdb8984,numerics/debroglie-phase-bridge/m33_v0_scaffold/configs/m39x3a_type_b_sharpening_families.yaml,generic_registration_only
8db3bc6d511263b51dec8ad43dc6fb4161f13bb719297cfeff99c4a4183b14ae,numerics/debroglie-phase-bridge/m33_v0_scaffold/configs/m39x3b_finite_square_well_sweep_families.yaml,generic_registration_only
0730cf87289350105373e1806eb490d009ae62a343f0b8c3609bd48ae420c74c,numerics/debroglie-phase-bridge/m33_v0_scaffold/configs/m39x3c_ao_model_transfer_families.yaml,generic_registration_only
2804e67e4d22184ad03d66e1b3474af77252392dedc3a3b767ee2eae59ad942b,numerics/debroglie-phase-bridge/m33_v0_scaffold/configs/m39x3d_transition_mapping_families.yaml,generic_registration_only
8077c3aa35a5a94d3407b4989a976376a9a5b390cf394a372bd11ddea236a1fd,numerics/debroglie-phase-bridge/m33_v0_scaffold/configs/m39x3e_model_overlap_test_families.yaml,generic_registration_only
01ba94c4ec0a8c8b04f5074847c432362c068248bf5dc723fef42841f6629cc9,numerics/debroglie-phase-bridge/m33_v0_scaffold/configs/m39x_external_reference_families.yaml,generic_registration_only
89c89d6097d9f6aef0e0a183ec2c5f4d167764abba3a43e03d935f51177d5b57,numerics/debroglie-phase-bridge/m33_v0_scaffold/dump_projektstruktur.sh,generic_registration_only
feef2ca8f3a8ed73988fd8729550fa3c63b148ab9fd3f26b2c651f70b28fa8ab,numerics/debroglie-phase-bridge/m33_v0_scaffold/m33_v0_patch_local_candidates/configs/config_m33_v0.yaml,generic_registration_only
8543d5796d75ac99fa5be9565f7679bb4b0099b9d60d1b554c060d51e15bfc5c,numerics/debroglie-phase-bridge/m33_v0_scaffold/m33_v0_patch_local_candidates/scripts/bootstrap_m33_v0.sh,generic_registration_only
4c9ecfbcc7fdf632cf343f6fea9519900e80c5525dca9f0949cc092c47800672,numerics/debroglie-phase-bridge/m33_v0_scaffold/scripts/bootstrap_m33_v0.sh,generic_registration_only
33f95c73dd7fed7e2fdc2449ab960e12f24382190be4d21c48a8cb8446cce6fe,numerics/debroglie-phase-bridge/m33_v0_scaffold/scripts/bootstrap_m34_branch.sh,generic_registration_only
3002fea551a7b9b728dd5b52806c6edd11452141f83301d30607b080fac1ccdf,numerics/debroglie-phase-bridge/m33_v0_scaffold/scripts/bootstrap_m35a_packet.sh,generic_registration_only
ffe587f054094034420c266ec14fdd45e294d7d44636c20ce925c9a0d05ac742,numerics/debroglie-phase-bridge/m33_v0_scaffold/scripts/bootstrap_m35b_packet.sh,generic_registration_only
e747abda225bd5f3d1e026b622207f5fd55d9fbb4b4426e8c43ef78e9e674850,numerics/debroglie-phase-bridge/m33_v0_scaffold/scripts/bootstrap_m35b_pair_kernel.sh,generic_registration_only
8d56f2de321e250d906887b16656e8bc088da8de1b3d2230be40783dbca0f44a,numerics/debroglie-phase-bridge/m33_v0_scaffold/scripts/bootstrap_m35c_soft_branch.sh,generic_registration_only
6dfc405155011f50a11c2bb2d5b3f0b37df95eba57b3bdfe4320ebd98972572a,numerics/debroglie-phase-bridge/m33_v0_scaffold/scripts/bootstrap_m36a_pair_audit.sh,generic_registration_only
1d96d91392862cfc33cc45ef0075e8cb43ca6b6db55e1f980e99aae6066052d1,numerics/debroglie-phase-bridge/m33_v0_scaffold/scripts/bootstrap_m36b_pair_identity.sh,generic_registration_only
3644d0abefffe24105124f180da41c942b21944ca8bb0a5e16195d66bd79c66f,numerics/debroglie-phase-bridge/m33_v0_scaffold/scripts/bootstrap_m36b_pair_identity_v2.sh,generic_registration_only
1a1c7994062f6c176007e69851c0fa0bd58180336b36f54905587d13aaa118ab,numerics/debroglie-phase-bridge/m33_v0_scaffold/scripts/bootstrap_m36c_branch_expanded.sh,generic_registration_only
cc917cb50100edd4563c8d82ee2dac7f9bfc93289b7cad2a709aac77ac85f717,numerics/debroglie-phase-bridge/m33_v0_scaffold/scripts/bootstrap_m36c_branch_expanded_v2.sh,generic_registration_only
ad874867dcdbc26cf87212a7bddc824248d1e9735dfe59454cb272311e76f2d1,numerics/debroglie-phase-bridge/m33_v0_scaffold/scripts/bootstrap_m36d_auto_extend.sh,generic_registration_only
0a68aff46e10bfee1e9ae149b06efae5469755ece3c081ca2685860f4f2e3cfd,numerics/debroglie-phase-bridge/m33_v0_scaffold/scripts/bootstrap_m36d_auto_extend_v2.sh,generic_registration_only
fa5fa3e1e619add270d2d5c5913336d7b180e20c30d2b91211f7f01c844a7707,numerics/debroglie-phase-bridge/m33_v0_scaffold/scripts/bootstrap_m36d_auto_extend_v3.sh,generic_registration_only
a19718c85cb1b81f4fcb87e141ccecc1d4b1eaa901a55bbcd696633771dd2e0a,numerics/debroglie-phase-bridge/m33_v0_scaffold/scripts/bootstrap_m36e_combined_identity.sh,generic_registration_only
5732c7f0c0a33667968a1862a6333cebb7944c85d19b81383a5c0c9652aca3c9,numerics/debroglie-phase-bridge/m33_v0_scaffold/scripts/bootstrap_m36f_diversity_identity.sh,generic_registration_only
5c6365cf5d5732f8b4383edb63b885dddd4959c6cf02d575c278148a36e71f12,numerics/debroglie-phase-bridge/m33_v0_scaffold/scripts/bootstrap_m37_sigma_robustness.sh,generic_registration_only
34f8e35fe78c9e7d6681533821487f49a5709f8db6d9894a617cc2a63346df20,numerics/debroglie-phase-bridge/m33_v0_scaffold/scripts/bootstrap_m37_sigma_robustness_v2.sh,generic_registration_only
360b6a944693fd2f885a480b07959eddf95a9595f9812c518ff09cb3e9c41101,numerics/debroglie-phase-bridge/m33_v0_scaffold/scripts/bootstrap_m37_sigma_robustness_v3.sh,generic_registration_only
ec50e8ff0d5d039e9b95c98e5d822767a874e2fe055054316b5ffc43f13f2a89,numerics/debroglie-phase-bridge/m33_v0_scaffold/scripts/bootstrap_m38a_dispersion.sh,generic_registration_only
296f71eabeaec865a11b83cca2b42c45c6d59066bf69ac0921b521c1ca4538df,numerics/debroglie-phase-bridge/m33_v0_scaffold/scripts/bootstrap_m38a_dispersion_v2.sh,generic_registration_only
101f5a3e9fc7716db527e0cd489f48b1f4a51a243b6cf5a12f40efe748663272,numerics/debroglie-phase-bridge/m33_v0_scaffold/scripts/bootstrap_m38b_branch_dispersion.sh,generic_registration_only
c135b446aea94bbd844ecc054214fad6f355e99275ceb1be2368e6fe4b34f9b8,numerics/debroglie-phase-bridge/m33_v0_scaffold/scripts/bootstrap_m38b_branch_dispersion_v2.sh,generic_registration_only
f9263c73c888572b9d6f57ea740284251bfb0c4213c7e173bb4b4b94a6cde8c4,numerics/debroglie-phase-bridge/m33_v0_scaffold/scripts/bootstrap_m39a_family_full_audit.sh,generic_registration_only
097212409359fcd36643e7a35c3f5e9d9086c54dd86d6dbc3ce2939d208ff31a,numerics/debroglie-phase-bridge/m33_v0_scaffold/scripts/bootstrap_m39a_family_invariance_precheck.sh,generic_registration_only
b7f8d9f12450b0ef85ed33c6fafd3e7039407fd87ce48d29637fac58f383a9c3,numerics/debroglie-phase-bridge/m33_v0_scaffold/scripts/bootstrap_m39x1_ring_dispersion_irregularity.sh,generic_registration_only
c96c163dad4853070be1de66d191e71583bd61ee8aaefc30fd13633caa63e819,numerics/debroglie-phase-bridge/m33_v0_scaffold/scripts/bootstrap_m39x2_prediction_matrix.sh,generic_registration_only
ced02171d16850e186e2519813f13d4c3a5d3216f5cd5f509fb672dab53c4746,numerics/debroglie-phase-bridge/m33_v0_scaffold/scripts/bootstrap_m39x3_prediction_matrix_hardening.sh,generic_registration_only
e121c7afd7799921ec6a79f91592aa863d3885f49a6a82e6abd634a355155e57,numerics/debroglie-phase-bridge/m33_v0_scaffold/scripts/bootstrap_m39x3a_type_b_sharpening.sh,generic_registration_only
9d3773b8f5a14387e86a9ba59e41503e5375856be5e9f6c7d87bd72fa931adb1,numerics/debroglie-phase-bridge/m33_v0_scaffold/scripts/bootstrap_m39x3b_finite_square_well_sweep.sh,generic_registration_only
60fd06a1341a2cdcd07bd848a25a419c7e232aba1486f603a2b472a7c650d67c,numerics/debroglie-phase-bridge/m33_v0_scaffold/scripts/bootstrap_m39x3c_ao_model_transfer.sh,generic_registration_only
764f390c774ed898eb1fddb5d5d37b35c2c705975e123295e7f4e20470cc9920,numerics/debroglie-phase-bridge/m33_v0_scaffold/scripts/bootstrap_m39x3d_transition_mapping.sh,generic_registration_only
ede3fddfb96d1d3e7d50a209d61865070160b8677c6fecc05d79e307d4422cc1,numerics/debroglie-phase-bridge/m33_v0_scaffold/scripts/bootstrap_m39x3e_model_overlap_test.sh,generic_registration_only
c6a6d935d2c8f5d6ca742f6c8d3cb8fe3ae1e32c3b10e961fa19b2e0cd10bcb3,numerics/debroglie-phase-bridge/m33_v0_scaffold/scripts/bootstrap_m39x3ea_feature_distance_diagnosis.sh,generic_registration_only
3a0de95f1691550b334f2af729066a889a4e121895b85e217a359344c5cdc8c2,numerics/debroglie-phase-bridge/m33_v0_scaffold/scripts/bootstrap_m39x3f_type_b_map.sh,generic_registration_only
ad70ecfff8d7dadb2b80a6b80d973957533ea5da28123c30c82fa20d87e72147,numerics/debroglie-phase-bridge/m33_v0_scaffold/scripts/bootstrap_m39x_external_reference_audit.sh,generic_registration_only
402f4dafd47162255dcb5bd08629aab27f521eaaecaf31b4689d12b2b3ab67d5,numerics/debroglie-phase-bridge/m33_v0_scaffold/scripts/config_m33_v0.yaml,generic_registration_only
ef9874d4904eba2b3e24936d0872565fd304e660ebc478a46ef9139865f44cee,numerics/debroglie-phase-bridge/notebooks/exploratory/.gitkeep,generic_registration_only
a3037361da51c8bf03e70f3e9f259cf0ea4cb2396450e3b7f10474363dfb3d09,numerics/debroglie-phase-bridge/notebooks/publication/.gitkeep,generic_registration_only
5c5fa4dd39752efe1e36523ac58e53e14054aaff6afdf5bb1dd310f15928dc70,numerics/debroglie-phase-bridge/pyproject.toml,generic_registration_only
ba797e61477cdf717f8096e5a86d66446395d5a4b125898507ae01d03b140a8a,numerics/debroglie-phase-bridge/results/a1_probe/k0/abs/matrices.npz,generic_registration_only
f75ea1172faf2134d3a75d75459f37188b4c5b39cd09daa5b818a74cc003d567,numerics/debroglie-phase-bridge/results/a1_probe/k0/negative/matrices.npz,generic_registration_only
9b9bb190007e90d53788b15cf7049945a0cd0909d2cea9b6ec608975f18aeaa0,numerics/debroglie-phase-bridge/results/a1_probe/k0/positive/matrices.npz,generic_registration_only
575b9097614a0bcd9ebe8801c73d0274ba8a47d61ef06812689f8e720441912e,numerics/debroglie-phase-bridge/results/a1_probe/n1a_alpha/abs/matrices.npz,generic_registration_only
e6dfbe3807924d23e343ccf13c7509151d1e7707e4b9a2e66270e2300db8f9db,numerics/debroglie-phase-bridge/results/a1_probe/n1a_alpha/negative/matrices.npz,generic_registration_only
bfdb5e429befb6b5c78b6a92a3b48146ae7cbc0019401b05639af9d74fb62676,numerics/debroglie-phase-bridge/results/a1_probe/n1a_alpha/positive/matrices.npz,generic_registration_only
d111652d7c123375bece52082e0d6222ede5c50aad88c988953e8d724d99cf0f,numerics/debroglie-phase-bridge/results/a1_sign_scan/a1_sign_regime_edges.png,generic_registration_only
02f22d0c7fdbd0a194df915b0678f007b5a88253de1fb05d10bda1c05989910c,numerics/debroglie-phase-bridge/results/a1_sign_scan/a1_sign_regime_pairs.png,generic_registration_only
785b174989e95a42811b0d244f599c9f9f9ffe92e16867a1ef725f0eea22a77f,numerics/debroglie-phase-bridge/results/a1_sign_scan/k0/theta_0.026/abs/matrices.npz,generic_registration_only
e99f8ee5d7f444b12b9e22ff05144cbc5efae1842a430926406ac89d8f40a9e3,numerics/debroglie-phase-bridge/results/a1_sign_scan/k0/theta_0.026/negative/matrices.npz,generic_registration_only
ed63027750fe7237f6018f6a3c79fdfe72c3cc1163808c589b6def581df9d73e,numerics/debroglie-phase-bridge/results/a1_sign_scan/k0/theta_0.026/positive/matrices.npz,generic_registration_only
36fb01cec47120b589b2cccc44f4ae525d8667333774e40a2f2fe33769f29e11,numerics/debroglie-phase-bridge/results/a1_sign_scan/k0/theta_0.03/abs/matrices.npz,generic_registration_only
628df3530106caeed472b61373958717dfc2c26f5238197ff9b2c5d29536676f,numerics/debroglie-phase-bridge/results/a1_sign_scan/k0/theta_0.03/negative/matrices.npz,generic_registration_only
2e0e32185d13260127a3169f7f9e7f0509224c71e70abd3aa8cde3ba61349107,numerics/debroglie-phase-bridge/results/a1_sign_scan/k0/theta_0.03/positive/matrices.npz,generic_registration_only
e38557ed5d9cac5fb2baf1cadd077a7b372ba8419168771ce5fa923eaf2cfc56,numerics/debroglie-phase-bridge/results/a1_sign_scan/k0/theta_0.035/abs/matrices.npz,generic_registration_only
b24acb8abd4d3502a7910886f94c33a3af2cd29a04f0759d409f8d3ecc909800,numerics/debroglie-phase-bridge/results/a1_sign_scan/k0/theta_0.035/negative/matrices.npz,generic_registration_only
f49ebf5c655eca927e8d7b38b1024a4da21282fda8b689be200fc6d5fa52c6fd,numerics/debroglie-phase-bridge/results/a1_sign_scan/k0/theta_0.035/positive/matrices.npz,generic_registration_only
0aa15aefa9babf171268c6aef51fc92a32dcf52f1703e0a9f61f97e4d820777d,numerics/debroglie-phase-bridge/results/a1_sign_scan/k0/theta_0.04/abs/matrices.npz,generic_registration_only
4fc4a89c9b85befa6c66cfc967c9b39c677b287c4aa8ae4b53dcb502f4b7212f,numerics/debroglie-phase-bridge/results/a1_sign_scan/k0/theta_0.04/negative/matrices.npz,generic_registration_only
f74c7c2fd41b09fc9f905ef7a46a02d7afbe0d19b94d71a7be0a0f2b15d4ac14,numerics/debroglie-phase-bridge/results/a1_sign_scan/k0/theta_0.04/positive/matrices.npz,generic_registration_only
c214fd167fae259b72127732475030b3060786d9adc8d27995be450bfb4c8322,numerics/debroglie-phase-bridge/results/a1_sign_scan/n1a_alpha_0p5/theta_0.026/abs/matrices.npz,generic_registration_only
14dd861cd49fc5763040b77743c18a5863aaff049c1f4d4a48a3cb7647ae0ebc,numerics/debroglie-phase-bridge/results/a1_sign_scan/n1a_alpha_0p5/theta_0.026/negative/matrices.npz,generic_registration_only
49214613ad463e684c6fdfd1a6e38e14b9957643a9a35f6dadc5a17ba0327dcd,numerics/debroglie-phase-bridge/results/a1_sign_scan/n1a_alpha_0p5/theta_0.026/positive/matrices.npz,generic_registration_only
27fbd496fd2894c99b3b5fcfb1302bd2ac69512d3a904e914f1fcc94279c5563,numerics/debroglie-phase-bridge/results/a1_sign_scan/n1a_alpha_0p5/theta_0.03/abs/matrices.npz,generic_registration_only
bad8b5a42041c98b5c57eb7fd00bde7703ee0be9660c90ef6241d3ada807875e,numerics/debroglie-phase-bridge/results/a1_sign_scan/n1a_alpha_0p5/theta_0.03/negative/matrices.npz,generic_registration_only
20e2e2f4d09f23575e249e61fc02c0261655ad1c758b6cf6e6f18e3aa4f4271a,numerics/debroglie-phase-bridge/results/a1_sign_scan/n1a_alpha_0p5/theta_0.03/positive/matrices.npz,generic_registration_only
2585880a85e70bac388fcc9dacc2150f2ba721034fd9ffc3a7f8ebf7539fbbe9,numerics/debroglie-phase-bridge/results/a1_sign_scan/n1a_alpha_0p5/theta_0.035/abs/matrices.npz,generic_registration_only
056481850f3df452557dbfd2e0b22bb57ab4b9e841fd93e76feac7547f19556d,numerics/debroglie-phase-bridge/results/a1_sign_scan/n1a_alpha_0p5/theta_0.035/negative/matrices.npz,generic_registration_only
affe05c7e1a5d85f25c555a6003e0e9fe23861e44c343304426656fd89bd71ba,numerics/debroglie-phase-bridge/results/a1_sign_scan/n1a_alpha_0p5/theta_0.035/positive/matrices.npz,generic_registration_only
d23c6a28eb38f00251d5ee2a805bef24f7278215d77ad292522d9e5c21155d75,numerics/debroglie-phase-bridge/results/a1_sign_scan/n1a_alpha_0p5/theta_0.04/abs/matrices.npz,generic_registration_only
7d72d7964604eb561c157ce2b681fdb533876d172f5785999fb8ecd7542f4ef1,numerics/debroglie-phase-bridge/results/a1_sign_scan/n1a_alpha_0p5/theta_0.04/negative/matrices.npz,generic_registration_only
d04ab29232df43523e00203022e5dc61749d55a7e16b9adfacb9219dbb26d7cf,numerics/debroglie-phase-bridge/results/a1_sign_scan/n1a_alpha_0p5/theta_0.04/positive/matrices.npz,generic_registration_only
d93c6555f5375d68149c36847c8c974f327dc8701794d5820c3ccace0d056a4a,numerics/debroglie-phase-bridge/results/a1_sign_scan/n1a_alpha_2p0/theta_0.026/abs/matrices.npz,generic_registration_only
1a3f63b16e7e8f19e0031c13c969a185771f9f817a4259c037bb3fac9a15539b,numerics/debroglie-phase-bridge/results/a1_sign_scan/n1a_alpha_2p0/theta_0.026/negative/matrices.npz,generic_registration_only
9f1cf531fbc9f59a36ae5150c9566b8ead7ddba2a4c1eed21a7467bc2385f7bd,numerics/debroglie-phase-bridge/results/a1_sign_scan/n1a_alpha_2p0/theta_0.026/positive/matrices.npz,generic_registration_only
929cc68529a750eb3d3c1115d7137c8c5f169a8cf04fe0d6053731550748f635,numerics/debroglie-phase-bridge/results/a1_sign_scan/n1a_alpha_2p0/theta_0.03/abs/matrices.npz,generic_registration_only
aed74a837986da70f19c7d30b1dfbffbcb848ad3503e8551a2c31dd3a440de0d,numerics/debroglie-phase-bridge/results/a1_sign_scan/n1a_alpha_2p0/theta_0.03/negative/matrices.npz,generic_registration_only
543d4fb99593dfec1143eda3f9d653fac087613815e63f967009fe0a49896bc5,numerics/debroglie-phase-bridge/results/a1_sign_scan/n1a_alpha_2p0/theta_0.03/positive/matrices.npz,generic_registration_only
273be8c2a089cee046604e23c5b41b2c839b8899f10832d39d701ed57c990d76,numerics/debroglie-phase-bridge/results/a1_sign_scan/n1a_alpha_2p0/theta_0.035/abs/matrices.npz,generic_registration_only
fdbf5776eb243448d2d4be204832c399253fefa3a6df369f7d36db0a7c8e5264,numerics/debroglie-phase-bridge/results/a1_sign_scan/n1a_alpha_2p0/theta_0.035/negative/matrices.npz,generic_registration_only
d020efb2e26a6087312f6323d47f624477947ce7ca5e5425f4cd569554c30340,numerics/debroglie-phase-bridge/results/a1_sign_scan/n1a_alpha_2p0/theta_0.035/positive/matrices.npz,generic_registration_only
25bd9d53d7efc54940f50e111d546955c90d4eb495f36eb2e51f9abd86e761fb,numerics/debroglie-phase-bridge/results/a1_sign_scan/n1a_alpha_2p0/theta_0.04/abs/matrices.npz,generic_registration_only
3bad626fa758a4f8231c85dd852bcdd6abfeef34443646674f97af831b563f41,numerics/debroglie-phase-bridge/results/a1_sign_scan/n1a_alpha_2p0/theta_0.04/negative/matrices.npz,generic_registration_only
4cc32079540dc984f77400038ed98613bb7933fc65e404598191c38b2a4686d6,numerics/debroglie-phase-bridge/results/a1_sign_scan/n1a_alpha_2p0/theta_0.04/positive/matrices.npz,generic_registration_only
d10b837890ac6a1e1f06f609c0f2508dd726695190c6fd062171ce5e3378bbdb,numerics/debroglie-phase-bridge/results/a1_sign_scan_asym_p/k0/theta_0.026/abs/matrices.npz,generic_registration_only
015c8622b4165868cb87c991e69341d000725f4dd9979463885fcf046ce16210,numerics/debroglie-phase-bridge/results/a1_sign_scan_asym_p/k0/theta_0.026/negative/matrices.npz,generic_registration_only
a9ffc23df2badaf3ac3035a5365d9f329f09f9603e5cc5cf6b671e9a17b6a622,numerics/debroglie-phase-bridge/results/a1_sign_scan_asym_p/k0/theta_0.026/positive/matrices.npz,generic_registration_only
5da49080f84562322925a65e18c3530e7e3f587b5b7e16b8567551f2f7764910,numerics/debroglie-phase-bridge/results/a1_sign_scan_asym_p/k0/theta_0.03/abs/matrices.npz,generic_registration_only
ccffae6af8630b4409b52f969a1cec8fff1882675a68b9a81cfc87b60c97b530,numerics/debroglie-phase-bridge/results/a1_sign_scan_asym_p/k0/theta_0.03/negative/matrices.npz,generic_registration_only
3e9bb5fc46000b1f7bc309af2949f448304bc77686a2c3e895fd9dc6e7bf90b2,numerics/debroglie-phase-bridge/results/a1_sign_scan_asym_p/k0/theta_0.03/positive/matrices.npz,generic_registration_only
0bb1658b821cf1cf9988da6e83a1a4746bda00c406d9ba7778fac0fdd0d57b93,numerics/debroglie-phase-bridge/results/a1_sign_scan_asym_p/k0/theta_0.035/abs/matrices.npz,generic_registration_only
ea452f497eec22ab73eb7474cffd860364e5d02e1cee2100c8948e01c4eddc93,numerics/debroglie-phase-bridge/results/a1_sign_scan_asym_p/k0/theta_0.035/negative/matrices.npz,generic_registration_only
1a4dfe8a434bb25baa738ac86492010416d49310fb56b0039b0d6fc06cbe60f9,numerics/debroglie-phase-bridge/results/a1_sign_scan_asym_p/k0/theta_0.035/positive/matrices.npz,generic_registration_only
a5eaf15d17cb4f643ed03ccb2be0b2c07c10e9c3f5fd3f18d6e9d161aaedec71,numerics/debroglie-phase-bridge/results/a1_sign_scan_asym_p/k0/theta_0.04/abs/matrices.npz,generic_registration_only
b9fe4f52ccdffb9126efa98cb46d20497506b08eebc6d7a9b2ccde97020289cb,numerics/debroglie-phase-bridge/results/a1_sign_scan_asym_p/k0/theta_0.04/negative/matrices.npz,generic_registration_only
c3dec2ddcbc7d5cf6d8376ddf36f5449dbd68fc4f3c0b9135872f80548e1358b,numerics/debroglie-phase-bridge/results/a1_sign_scan_asym_p/k0/theta_0.04/positive/matrices.npz,generic_registration_only
624ce94a27f0702d8aee74f7e00ce360b226e94789fc4474d275d7b424a6c3a8,numerics/debroglie-phase-bridge/results/a1_sign_scan_asym_p/n1a_alpha_0p5/theta_0.026/abs/matrices.npz,generic_registration_only
63f4adfcdd30a25b74adc1ae69854265e537f821802b22c124e9c93a71573eb2,numerics/debroglie-phase-bridge/results/a1_sign_scan_asym_p/n1a_alpha_0p5/theta_0.026/negative/matrices.npz,generic_registration_only
4fa3b67ffac69908df2143d224557988e3246131816f7e58be48f24d2f17037e,numerics/debroglie-phase-bridge/results/a1_sign_scan_asym_p/n1a_alpha_0p5/theta_0.026/positive/matrices.npz,generic_registration_only
234968b2062e1ee6bc57b6a779b6d79c6fdfb02444dca6d3716984a711cba627,numerics/debroglie-phase-bridge/results/a1_sign_scan_asym_p/n1a_alpha_0p5/theta_0.03/abs/matrices.npz,generic_registration_only
2395bba50c515cf369eeb63cc27544f9445d98500e50b3d027ff61368fbf2056,numerics/debroglie-phase-bridge/results/a1_sign_scan_asym_p/n1a_alpha_0p5/theta_0.03/negative/matrices.npz,generic_registration_only
fdea566a88e75bbd3ead7c21bd246dad329368f746029c649960603b91ad74d6,numerics/debroglie-phase-bridge/results/a1_sign_scan_asym_p/n1a_alpha_0p5/theta_0.03/positive/matrices.npz,generic_registration_only
296915f40f2ffa1c9988e6cd6dfa8c50fcbc67da99dd50fead67f91fbddac4c1,numerics/debroglie-phase-bridge/results/a1_sign_scan_asym_p/n1a_alpha_0p5/theta_0.035/abs/matrices.npz,generic_registration_only
6776796151f1680fc6d05c710bc66cfec742afccb5086def9d39e9b2bfbde7e3,numerics/debroglie-phase-bridge/results/a1_sign_scan_asym_p/n1a_alpha_0p5/theta_0.035/negative/matrices.npz,generic_registration_only
a4173a704b22fc7b5c278bfd084eb4d03872452438c1826f4c529d5af57eb880,numerics/debroglie-phase-bridge/results/a1_sign_scan_asym_p/n1a_alpha_0p5/theta_0.035/positive/matrices.npz,generic_registration_only
1309a23afcfa0bba97a9ef00030234f46a83e82f999c41e85308173d3cee300b,numerics/debroglie-phase-bridge/results/a1_sign_scan_asym_p/n1a_alpha_0p5/theta_0.04/abs/matrices.npz,generic_registration_only
5230518bd4f7d67cc3ff92ae5abedfe9b5c5c2fe9dbce62e84d488e2450d3219,numerics/debroglie-phase-bridge/results/a1_sign_scan_asym_p/n1a_alpha_0p5/theta_0.04/negative/matrices.npz,generic_registration_only
58252b0540e97ab4253a2c87be0e93f0e4774f08dbbbd7382548fac1e382af03,numerics/debroglie-phase-bridge/results/a1_sign_scan_asym_p/n1a_alpha_0p5/theta_0.04/positive/matrices.npz,generic_registration_only
90bc6a395afb558784b17f6ada0c2dc8386b700b076a7af34847ef53e74dc4fd,numerics/debroglie-phase-bridge/results/a1_sign_scan_asym_p/n1a_alpha_2p0/theta_0.026/abs/matrices.npz,generic_registration_only
1d1db92774734a7a5c03ee5f0e28b42de4c9da436c0c614d18e05055f4bfc4e9,numerics/debroglie-phase-bridge/results/a1_sign_scan_asym_p/n1a_alpha_2p0/theta_0.026/negative/matrices.npz,generic_registration_only
3e961a84b0f3cfc08afbd255cc223f40dfaff71af1f20a9c75b86bad282d3923,numerics/debroglie-phase-bridge/results/a1_sign_scan_asym_p/n1a_alpha_2p0/theta_0.026/positive/matrices.npz,generic_registration_only
c666008cfdc83a8bf2002c347af04ec411b83a669a0450d84c9bece862792318,numerics/debroglie-phase-bridge/results/a1_sign_scan_asym_p/n1a_alpha_2p0/theta_0.03/abs/matrices.npz,generic_registration_only
d98af9098fd6821e8031d5e1aef5f8fe1697034bacaf809326520d434178df09,numerics/debroglie-phase-bridge/results/a1_sign_scan_asym_p/n1a_alpha_2p0/theta_0.03/negative/matrices.npz,generic_registration_only
accfe940e43b9cc3421ba2aafaad4400cfb3b76ed3f773fd95df11e6bb978fb9,numerics/debroglie-phase-bridge/results/a1_sign_scan_asym_p/n1a_alpha_2p0/theta_0.03/positive/matrices.npz,generic_registration_only
38d6defbc1b7b1ed1c44bb1da7f111e2b2b4b571a824f30231bef92226fbc944,numerics/debroglie-phase-bridge/results/a1_sign_scan_asym_p/n1a_alpha_2p0/theta_0.035/abs/matrices.npz,generic_registration_only
059bab759c808b9ffaa0aa4360061a1004e1328bd8838fb157fce39a863feebe,numerics/debroglie-phase-bridge/results/a1_sign_scan_asym_p/n1a_alpha_2p0/theta_0.035/negative/matrices.npz,generic_registration_only
ff8e5abad39b84621efdbb41cbc6e3d0625fb51cf8937cd879ec0075f2fcf702,numerics/debroglie-phase-bridge/results/a1_sign_scan_asym_p/n1a_alpha_2p0/theta_0.035/positive/matrices.npz,generic_registration_only
0a6d549066ca9de13019248240ae235886533c7c061859eb1c9e2034f73d623c,numerics/debroglie-phase-bridge/results/a1_sign_scan_asym_p/n1a_alpha_2p0/theta_0.04/abs/matrices.npz,generic_registration_only
5fb9a80306c0ed100cc479f843d0ba2f74f249cb6beb87ab6d39129a1a53a787,numerics/debroglie-phase-bridge/results/a1_sign_scan_asym_p/n1a_alpha_2p0/theta_0.04/negative/matrices.npz,generic_registration_only
a241eede1ab71f935b78c35a30fb9c19e92001c742d546347475a4b83681ca26,numerics/debroglie-phase-bridge/results/a1_sign_scan_asym_p/n1a_alpha_2p0/theta_0.04/positive/matrices.npz,generic_registration_only
ab88f30707a3f4fe6b09dd79a6369ae9ff338489e1f19277ac9217c4c802a5ec,numerics/debroglie-phase-bridge/results/a1_sign_scan_asym_p2/k0/theta_0.026/abs/matrices.npz,generic_registration_only
f3d7c859205d042187139780174064d1390c50eb79ad4ebfc3f9192d28cde881,numerics/debroglie-phase-bridge/results/a1_sign_scan_asym_p2/k0/theta_0.026/negative/matrices.npz,generic_registration_only
f14d5470c37728434472c2b3c51a2cca684d0658458139eb8f272de81ecf2d5c,numerics/debroglie-phase-bridge/results/a1_sign_scan_asym_p2/k0/theta_0.026/positive/matrices.npz,generic_registration_only
0e5931b7d46f4264348d65cdf8264e2077f9ca20a8b2eba9fd935c75265e281f,numerics/debroglie-phase-bridge/results/a1_sign_scan_asym_p2/k0/theta_0.03/abs/matrices.npz,generic_registration_only
17f06af79b344870683e4569c3d49b548aa17124d5c7aaddf9f5fc34d5de94e7,numerics/debroglie-phase-bridge/results/a1_sign_scan_asym_p2/k0/theta_0.03/negative/matrices.npz,generic_registration_only
eb3c53dadbe73001c63608812e6ea8f0a4032991c9a188348bf48feb951eea29,numerics/debroglie-phase-bridge/results/a1_sign_scan_asym_p2/k0/theta_0.03/positive/matrices.npz,generic_registration_only
e72de3b47341d8662b224644f663f0e8d0639e22161aa9b59431e44efad142d8,numerics/debroglie-phase-bridge/results/a1_sign_scan_asym_p2/k0/theta_0.035/abs/matrices.npz,generic_registration_only
0e52c2a1c530330edfa622052865bd5117558c3ab358331d7cdd3f6090dcd903,numerics/debroglie-phase-bridge/results/a1_sign_scan_asym_p2/k0/theta_0.035/negative/matrices.npz,generic_registration_only
548d35d8912ec9b86ed676577483934345b584672ce5f80224b15633c6a25ab7,numerics/debroglie-phase-bridge/results/a1_sign_scan_asym_p2/k0/theta_0.035/positive/matrices.npz,generic_registration_only
214d6b6049fc67fcb1826d2eff6a1f64787d2cf7d2c5a830e3dd1b9a36588a36,numerics/debroglie-phase-bridge/results/a1_sign_scan_asym_p2/k0/theta_0.04/abs/matrices.npz,generic_registration_only
48270d26ee1db0fe26e8be322befe9e46f1f5353290e173e08cd44f7632a52b7,numerics/debroglie-phase-bridge/results/a1_sign_scan_asym_p2/k0/theta_0.04/negative/matrices.npz,generic_registration_only
f807e46072bbc7fd2f2a0d0dfddefbee28d180c99b36c6dc0c19a0672cbb13f7,numerics/debroglie-phase-bridge/results/a1_sign_scan_asym_p2/k0/theta_0.04/positive/matrices.npz,generic_registration_only
d6faf8e2ce9d6968868358956d1b639851e8d3286245c77913624744d71ddc02,numerics/debroglie-phase-bridge/results/a1_sign_scan_asym_p2/n1a_alpha_0p5/theta_0.026/abs/matrices.npz,generic_registration_only
7208eb57e91d86c6f028af94b4d51210a1b57be5fc63df37339d047c7d89ff0e,numerics/debroglie-phase-bridge/results/a1_sign_scan_asym_p2/n1a_alpha_0p5/theta_0.026/negative/matrices.npz,generic_registration_only
d5fb05b54bec9a9d2f36f93b13cdbcef0c34a981c6303d7d8bf4ab5901e52a81,numerics/debroglie-phase-bridge/results/a1_sign_scan_asym_p2/n1a_alpha_0p5/theta_0.026/positive/matrices.npz,generic_registration_only
7c1738ab7a6e38c89562c4039bbb97984fa9c4f2990da83907124757b2be8e5c,numerics/debroglie-phase-bridge/results/a1_sign_scan_asym_p2/n1a_alpha_0p5/theta_0.03/abs/matrices.npz,generic_registration_only
9a1de1abc6312e7a43dda657eced182b64b05a7c1e7586cb4a07e216594e35f9,numerics/debroglie-phase-bridge/results/a1_sign_scan_asym_p2/n1a_alpha_0p5/theta_0.03/negative/matrices.npz,generic_registration_only
32bed9207f83f17381c5aa9347a3877cee459291e860ee7facb89627e37adb8d,numerics/debroglie-phase-bridge/results/a1_sign_scan_asym_p2/n1a_alpha_0p5/theta_0.03/positive/matrices.npz,generic_registration_only
0848c38d9709425b0895411e2f3b392cc60a16a64c81eb51c10befa691acdaa5,numerics/debroglie-phase-bridge/results/a1_sign_scan_asym_p2/n1a_alpha_0p5/theta_0.035/abs/matrices.npz,generic_registration_only
886d746bcdf3651183f1994f818f13752fea898ab795900749ce806577aceb5d,numerics/debroglie-phase-bridge/results/a1_sign_scan_asym_p2/n1a_alpha_0p5/theta_0.035/negative/matrices.npz,generic_registration_only
00ea48a41386163ad6b6128d5822345f29478adef5c95d14f80e29f693dce73a,numerics/debroglie-phase-bridge/results/a1_sign_scan_asym_p2/n1a_alpha_0p5/theta_0.035/positive/matrices.npz,generic_registration_only
e2ab7ddba7058cfe0f35aa030dd54780aebef66cc0304a0f7c6923f4ee02d409,numerics/debroglie-phase-bridge/results/a1_sign_scan_asym_p2/n1a_alpha_0p5/theta_0.04/abs/matrices.npz,generic_registration_only
2f7cc4b3357310eebb3cca110632e37b2c7d6eb298628f044f027fd9dc753a17,numerics/debroglie-phase-bridge/results/a1_sign_scan_asym_p2/n1a_alpha_0p5/theta_0.04/negative/matrices.npz,generic_registration_only
9665d56c38b10605adf4ea5190fab151f5b5ed9b66b415ce9ac82a1650732f20,numerics/debroglie-phase-bridge/results/a1_sign_scan_asym_p2/n1a_alpha_0p5/theta_0.04/positive/matrices.npz,generic_registration_only
5a2b5a5bc3ff1d25ae8525d00ab38c38ede81bc8403f3ba773cbd02d697f88f4,numerics/debroglie-phase-bridge/results/a1_sign_scan_asym_p2/n1a_alpha_2p0/theta_0.026/abs/matrices.npz,generic_registration_only
64d979794dbbff9a166ac6d3f362c8dfb4635c1c379cc22dc43da495e8e37453,numerics/debroglie-phase-bridge/results/a1_sign_scan_asym_p2/n1a_alpha_2p0/theta_0.026/negative/matrices.npz,generic_registration_only
0215904bfe227103136747f37cae44dce0d7c8fb0d1d86bc59a3735cab2ca96b,numerics/debroglie-phase-bridge/results/a1_sign_scan_asym_p2/n1a_alpha_2p0/theta_0.026/positive/matrices.npz,generic_registration_only
32884c0f4a18027f57d85ffe6b4fac32f1da034fa6fadf18138d8e334fc47370,numerics/debroglie-phase-bridge/results/a1_sign_scan_asym_p2/n1a_alpha_2p0/theta_0.03/abs/matrices.npz,generic_registration_only
117c3482dfcd1d9d3ad87d02def1406f90b23fbef02d261ac3cfd6ba2e10a7e7,numerics/debroglie-phase-bridge/results/a1_sign_scan_asym_p2/n1a_alpha_2p0/theta_0.03/negative/matrices.npz,generic_registration_only
554fc2a736df1ac8158d3f63a43c206cc3fa99ca7f9bd8fd5b8ea575e00536b7,numerics/debroglie-phase-bridge/results/a1_sign_scan_asym_p2/n1a_alpha_2p0/theta_0.03/positive/matrices.npz,generic_registration_only
e134044e8b4314057824ad659b76d554ca25f2bba60389bfaffa8f72e42aa050,numerics/debroglie-phase-bridge/results/a1_sign_scan_asym_p2/n1a_alpha_2p0/theta_0.035/abs/matrices.npz,generic_registration_only
ac1037f5ae53c0ea99b2f3d401e95f917d440d64b74fbe79ff9c149036791cc6,numerics/debroglie-phase-bridge/results/a1_sign_scan_asym_p2/n1a_alpha_2p0/theta_0.035/negative/matrices.npz,generic_registration_only
b73a28d6c45ce417f36fc2032570af65d08cc369f6ce58d37cf0da2953e07c93,numerics/debroglie-phase-bridge/results/a1_sign_scan_asym_p2/n1a_alpha_2p0/theta_0.035/positive/matrices.npz,generic_registration_only
9efaf975f1f4585a27ae13db3051501a57d47e9cb15872259b99424297fd13dd,numerics/debroglie-phase-bridge/results/a1_sign_scan_asym_p2/n1a_alpha_2p0/theta_0.04/abs/matrices.npz,generic_registration_only
84aa9ce02ba4ec74bc31230cedcebc7da4858d9ddcbebdfa6691bc5434503303,numerics/debroglie-phase-bridge/results/a1_sign_scan_asym_p2/n1a_alpha_2p0/theta_0.04/negative/matrices.npz,generic_registration_only
37c1c27ccf496729360d7a2f8dc0cc5d0f3c78506d3185c71772f38890d41be3,numerics/debroglie-phase-bridge/results/a1_sign_scan_asym_p2/n1a_alpha_2p0/theta_0.04/positive/matrices.npz,generic_registration_only
36acdd267220a3932546cac48bc77a9f29df6897d226509433bd4e895321452f,numerics/debroglie-phase-bridge/results/k0/.gitkeep,generic_registration_only
8a73a28a33c5f565cd375ff637b26bb20f91aebedda40ba06d36dafb5a32e0a6,numerics/debroglie-phase-bridge/results/k0/smoke_test/matrices.npz,generic_registration_only
6d02d0533fc5c20c7075fed7c7265712f35211f7b56d037542b8ef137fe8b9c0,numerics/debroglie-phase-bridge/results/k0/t1_smoke_test/matrices.npz,generic_registration_only
c396f3741601ffbedb90f58c805b412a67a452d180835f03e90b79e31732776f,numerics/debroglie-phase-bridge/results/m1/.gitkeep,generic_registration_only
969188527a0d91143f2f845288e6843a2c8c1850925ce01e28660addf4a688f2,numerics/debroglie-phase-bridge/results/m2_ensemble/comparisons/m2_n0_ensemble_compare_global_efficiency.png,generic_registration_only
8de4296441bbba48ae480a5b792082cb1fcea90ab811508e3c0032c9f1499113,numerics/debroglie-phase-bridge/results/m2_ensemble/comparisons/m2_n0_ensemble_compare_natural_connectivity.png,generic_registration_only
e4adfd42b0588b52d1f9832763c8d7f71f48e8d00468ca85fafa93fe156ed44d,numerics/debroglie-phase-bridge/results/m2_ensemble/comparisons/m2_n0_ensemble_compare_weighted_clustering.png,generic_registration_only
9b49e1f11b843621e17e145eeea54cc9c72587539a83ed5c057bc00d62d564f1,numerics/debroglie-phase-bridge/results/n0/.gitkeep,generic_registration_only
00298d852bf98fc11ae84a36e2ddb7501b5e29b3879586328f9df0f8cf42c872,numerics/debroglie-phase-bridge/results/n0/ensemble_50/seed_1/matrices.npz,generic_registration_only
d343caab0c26be576475cab2e45d21413d765f3281983b3c50ab11dc3ce596c7,numerics/debroglie-phase-bridge/results/n0/ensemble_50/seed_10/matrices.npz,generic_registration_only
8cf8130ccd23ffb53d05472a3140f86041b5a5f14918a313714ad74200911ae0,numerics/debroglie-phase-bridge/results/n0/ensemble_50/seed_11/matrices.npz,generic_registration_only
3a0ac0e5b74c3e9b1f123503ff94cfed21d8e529a1160ad5bdaf82753abfa580,numerics/debroglie-phase-bridge/results/n0/ensemble_50/seed_12/matrices.npz,generic_registration_only
21294f61689c738380cbbbdd8f5301a977267bdd6784cafdebe86bc657692d5e,numerics/debroglie-phase-bridge/results/n0/ensemble_50/seed_13/matrices.npz,generic_registration_only
93205a8aa9abeb6ccc0e06d51927c9b96a757dd33af590c3dcc6b2865b4712ad,numerics/debroglie-phase-bridge/results/n0/ensemble_50/seed_14/matrices.npz,generic_registration_only
8dc944dfa570b3f7cf8c002f754ce196aef79562686dc275aad4cef0ef6cca57,numerics/debroglie-phase-bridge/results/n0/ensemble_50/seed_15/matrices.npz,generic_registration_only
3eaf0412fda0a3c1d7ac30ed3208021557f6ad8726c978a0f2584cf3f6a078bb,numerics/debroglie-phase-bridge/results/n0/ensemble_50/seed_16/matrices.npz,generic_registration_only
b4ab175178f953ca999aba33746edbec9e51370e335f4b3dfac8f6a7b493bba4,numerics/debroglie-phase-bridge/results/n0/ensemble_50/seed_17/matrices.npz,generic_registration_only
55ae0773a18e1c0db53633bc934881f5e6d9abf778b70aa8dc904b46ed9b9167,numerics/debroglie-phase-bridge/results/n0/ensemble_50/seed_18/matrices.npz,generic_registration_only
b7791af2f506faab732803ab92effc44e8529170a47aeee85337bb54338599ec,numerics/debroglie-phase-bridge/results/n0/ensemble_50/seed_19/matrices.npz,generic_registration_only
f1aa9e81728b889d31922b490e8c68c009d1181a0d513771338fe2d6fa17e8c2,numerics/debroglie-phase-bridge/results/n0/ensemble_50/seed_2/matrices.npz,generic_registration_only
38ce85fdc7ef07d971c763e740d869bff93ef4817dd5b7e40dc6c8c5a7f39f39,numerics/debroglie-phase-bridge/results/n0/ensemble_50/seed_20/matrices.npz,generic_registration_only
14f112ae391c8e8d8f945d5d77900db77d6144a29923a65f33a139b5a7a7b54c,numerics/debroglie-phase-bridge/results/n0/ensemble_50/seed_21/matrices.npz,generic_registration_only
e14d9ad8cf8407fb4abc2ae159b288e974dbcfa07377618d66fa62454bd1ac57,numerics/debroglie-phase-bridge/results/n0/ensemble_50/seed_22/matrices.npz,generic_registration_only
73feab728d19301d8a3a4a9147928060471642f556c3aeabf787364f265c9f03,numerics/debroglie-phase-bridge/results/n0/ensemble_50/seed_23/matrices.npz,generic_registration_only
42adfdfcc1c4335a78eb8bb9b0cc1cfa63e65f002a0a100c9f2a3ec1be714405,numerics/debroglie-phase-bridge/results/n0/ensemble_50/seed_24/matrices.npz,generic_registration_only
781cd41b9b01542b9ad33a03e97c21444dd6dee08289a99f0f99ddab2f040453,numerics/debroglie-phase-bridge/results/n0/ensemble_50/seed_25/matrices.npz,generic_registration_only
f1ac1b1dce7465242d0fb551cf1d1f78a0133c54cf03fe999ebd6623ae55ae3b,numerics/debroglie-phase-bridge/results/n0/ensemble_50/seed_26/matrices.npz,generic_registration_only
f2307699c586bf6ed9c49f91d6d4b171d71b1a5275382b9e147f8c94d48a6ea6,numerics/debroglie-phase-bridge/results/n0/ensemble_50/seed_27/matrices.npz,generic_registration_only
b4b7357ba509bb858c4bea1d865d61e94d9a1c66f2c4d61fda6c8382724a4d6a,numerics/debroglie-phase-bridge/results/n0/ensemble_50/seed_28/matrices.npz,generic_registration_only
60bd6ba28fca3fba14b67e2baec3ad00e0a9bd3c1a4985b736f5f0a725b7ac09,numerics/debroglie-phase-bridge/results/n0/ensemble_50/seed_29/matrices.npz,generic_registration_only
23041816b114c1a7808b1e4a21c6b73fb771cbe22d974454e2edec1ac98a4d72,numerics/debroglie-phase-bridge/results/n0/ensemble_50/seed_3/matrices.npz,generic_registration_only
4a9597bbe5186f7be745e557329962f118669d817151396db077092dee4d80fa,numerics/debroglie-phase-bridge/results/n0/ensemble_50/seed_30/matrices.npz,generic_registration_only
24c041435ade21d3d532965cebff7744b422edc0eedea811298039f61db0f753,numerics/debroglie-phase-bridge/results/n0/ensemble_50/seed_31/matrices.npz,generic_registration_only
8e6e1f3873ac1fe742e03838b246cd2aad867454c6836dcbc3f3ac1d5ca2bf9b,numerics/debroglie-phase-bridge/results/n0/ensemble_50/seed_32/matrices.npz,generic_registration_only
a0a685fa1a3a8366e981065ac32fa92c1edd0cc99602f4136e9ebb55bab4a2b7,numerics/debroglie-phase-bridge/results/n0/ensemble_50/seed_33/matrices.npz,generic_registration_only
08f7db7a5acc6cb6836bd8441340137116cb8742e0ff24e40bcd3b8db89c54e2,numerics/debroglie-phase-bridge/results/n0/ensemble_50/seed_34/matrices.npz,generic_registration_only
46836d9cb648c485ba0edc701548733def849193b9fd07f42e58758642577a27,numerics/debroglie-phase-bridge/results/n0/ensemble_50/seed_35/matrices.npz,generic_registration_only
c0cf90c1debc2713149c2240c4dc8e005a44193e0019f8ac683a0b0099219252,numerics/debroglie-phase-bridge/results/n0/ensemble_50/seed_36/matrices.npz,generic_registration_only
e5d1c336a86c63323cfa88af5985935cc3a698cf170c006abc4578445d7bd79d,numerics/debroglie-phase-bridge/results/n0/ensemble_50/seed_37/matrices.npz,generic_registration_only
7235e4d2955137c02c0b406ad460f404a8ef4fd2b5c450c592ccaafd6f016d3b,numerics/debroglie-phase-bridge/results/n0/ensemble_50/seed_38/matrices.npz,generic_registration_only
49d79eb7076e8df5b7df65cf785e821a92344d310c5d1a073027092ac8545eff,numerics/debroglie-phase-bridge/results/n0/ensemble_50/seed_39/matrices.npz,generic_registration_only
0e3fa2c11e2be9f0d367e6f3d229231a2a1cb1ae8a2a1d979d833880dbae97a1,numerics/debroglie-phase-bridge/results/n0/ensemble_50/seed_4/matrices.npz,generic_registration_only
14f41987523a57c8d08dc142a0b054cc897062b027c60c97259d501846ceb5d9,numerics/debroglie-phase-bridge/results/n0/ensemble_50/seed_40/matrices.npz,generic_registration_only
1aa9ee73730050969295f0d7e45fe4d9305828ac3b5ffd6bf1924cb9125830ae,numerics/debroglie-phase-bridge/results/n0/ensemble_50/seed_41/matrices.npz,generic_registration_only
0db9c8eb529947e019c41b66fb3c04d16e88a7ddc5351b2aa2282bac1f37b376,numerics/debroglie-phase-bridge/results/n0/ensemble_50/seed_42/matrices.npz,generic_registration_only
89991f3d15a015e07b105e5779cfc699d18218b98c2b454172147838a875f514,numerics/debroglie-phase-bridge/results/n0/ensemble_50/seed_43/matrices.npz,generic_registration_only
8d7620a60f93af3f94d5ea01e8b0b6f2f9307cde314a4166567c258a898fec19,numerics/debroglie-phase-bridge/results/n0/ensemble_50/seed_44/matrices.npz,generic_registration_only
63afaf6d5614391750b003ff227cb77c630fc95145ab2882aa78d4e99259d508,numerics/debroglie-phase-bridge/results/n0/ensemble_50/seed_45/matrices.npz,generic_registration_only
94cec32fea582e47ddf809e55cb7e1a1b9387c5e4c158447012bb7a8f72cd626,numerics/debroglie-phase-bridge/results/n0/ensemble_50/seed_46/matrices.npz,generic_registration_only
620a0801d5ce43fb170bbf23b59642181ab0849089ec3247f7efe61c30b67921,numerics/debroglie-phase-bridge/results/n0/ensemble_50/seed_47/matrices.npz,generic_registration_only
97fa9d132b541d95f632a06de657c2c9ab2f95b1ff72d04a0db2e4fb3451474c,numerics/debroglie-phase-bridge/results/n0/ensemble_50/seed_48/matrices.npz,generic_registration_only
b394a98a7f51f984ef52b3b8ca9c83c805c5ec6fbb13fd86f3c9f09aa3d40625,numerics/debroglie-phase-bridge/results/n0/ensemble_50/seed_49/matrices.npz,generic_registration_only
cbe1086dce7f3f0f72433ad87aeec9ff794ffcde573c850335b4ac1271d44ff5,numerics/debroglie-phase-bridge/results/n0/ensemble_50/seed_5/matrices.npz,generic_registration_only
967b32cfe7f42cfffa9a4d1951de32b35c185d6cbe868794059cfd369c12098c,numerics/debroglie-phase-bridge/results/n0/ensemble_50/seed_50/matrices.npz,generic_registration_only
4eaf1563b713978158ddd3601bb2f001e0b8a1805cdacae9950038a87f85ef93,numerics/debroglie-phase-bridge/results/n0/ensemble_50/seed_6/matrices.npz,generic_registration_only
d01401bbda765ac318b2df2adb729fb46947dd0bdbac2ec5cc62089a2dfb34a1,numerics/debroglie-phase-bridge/results/n0/ensemble_50/seed_7/matrices.npz,generic_registration_only
9fb8fbade420486720eab386122d7a3518d150b4079eb73e47c01897bf2eac86,numerics/debroglie-phase-bridge/results/n0/ensemble_50/seed_8/matrices.npz,generic_registration_only
ec3b430f06b87aa8d0f190436a0870537f5eeb3e05006749b6fd46e1629594f4,numerics/debroglie-phase-bridge/results/n0/ensemble_50/seed_9/matrices.npz,generic_registration_only
75c73cd94152bfa6a2408a7b4574182ade638cbce309a130e82213f584fec30c,numerics/debroglie-phase-bridge/results/n0/ensemble_smoke_test/seed_11/matrices.npz,generic_registration_only
f293a6453882914dda77b37bbacf6cbbe1a13c6b020018a0e59e5c7c94ca0d86,numerics/debroglie-phase-bridge/results/n0/ensemble_smoke_test/seed_22/matrices.npz,generic_registration_only
c0006a041d56f8e0cfb85930d0ab1e97857641cd482cfe2718c5a5dc6aa4e9f6,numerics/debroglie-phase-bridge/results/n0/ensemble_smoke_test/seed_33/matrices.npz,generic_registration_only
749313c3b025a6ff44aa929eaceb27340248b60b3726bcdfb8752a6b34ca3c5c,numerics/debroglie-phase-bridge/results/n0/ensemble_smoke_test/seed_44/matrices.npz,generic_registration_only
a6ef7ec62a58c998561060da23815823d95091ddf96044e810f4c201de5c294a,numerics/debroglie-phase-bridge/results/n0/ensemble_smoke_test/seed_55/matrices.npz,generic_registration_only
ccdc1ca8d38ca83b2e049bc10cf4b33148434d1cd3bdea24d54175cf2fe6c3ed,numerics/debroglie-phase-bridge/results/n0/smoke_test_seed_12345/matrices.npz,generic_registration_only
b599b3ca37ccdcd67808de52bae167fb4a4369f9d35af0bfc5741613fbd7fbc7,numerics/debroglie-phase-bridge/results/n1a/alpha_0p5_smoke_test/matrices.npz,generic_registration_only
c333ea24be6708ae5d32f5711cf380864d14be672b242d38d1014ed6727e723d,numerics/debroglie-phase-bridge/results/n1a/alpha_0p5_t1_smoke_test/matrices.npz,generic_registration_only
5f6b471f894748c154f68e7d6a907ebaa8a404ab58b60cfcff822fa4c2a62d62,numerics/debroglie-phase-bridge/results/n1a/alpha_2p0_t1_smoke_test/matrices.npz,generic_registration_only
af15089464d0b8ef84c1799886571a5e95643b712366ac7d926014e285598339,numerics/debroglie-phase-bridge/results/n1a_scan/k0_n1a_theta_comparison.png,generic_registration_only
1437b620e1f3d547d2236a631b701d43cea9d7d6118a1127f4db18325a752a3a,numerics/debroglie-phase-bridge/results/n1a_scan/k0_n1a_theta_comparison_publication.png,generic_registration_only
ed6fb061929944ee79b7b618be154f0729b335b247fac1980e4f01d026bbda96,numerics/debroglie-phase-bridge/results/n1a_scan/k0_t1/theta_0.02/matrices.npz,generic_registration_only
4d1a49e3c9a839c5ee09e9e39be7e54b0dd8b8cb631ce8513eea84f397606ebb,numerics/debroglie-phase-bridge/results/n1a_scan/k0_t1/theta_0.026/matrices.npz,generic_registration_only
2ce0b4db9dd40716e34b64e3b46ff046914b01ebb9a0c59a5941ed2fc2bf8d33,numerics/debroglie-phase-bridge/results/n1a_scan/k0_t1/theta_0.03/matrices.npz,generic_registration_only
6077584b194307b4922ef3b2a3b6b559d806877ef455e8e9e8571c89ef5989da,numerics/debroglie-phase-bridge/results/n1a_scan/k0_t1/theta_0.035/matrices.npz,generic_registration_only
ced7b7d950644ab8fab3f241bb59d718d7cd7a753f1de5f256673a2eec87c32d,numerics/debroglie-phase-bridge/results/n1a_scan/k0_t1/theta_0.04/matrices.npz,generic_registration_only
0e02b223d084a439737bffdd14a2f6fa46954eb12c97137e48692852126096a5,numerics/debroglie-phase-bridge/results/n1a_scan/k0_t1/theta_0.045/matrices.npz,generic_registration_only
77865fde25e0dbfabf6ab379f27ffb041a2618407b68a0904be79268340bba6e,numerics/debroglie-phase-bridge/results/n1a_scan/n1a_alpha_0p5_t1/theta_0.02/matrices.npz,generic_registration_only
16dc7ae81a41619fe51093e3c6ba917f18f13b2e02253baa60e8716029155f07,numerics/debroglie-phase-bridge/results/n1a_scan/n1a_alpha_0p5_t1/theta_0.026/matrices.npz,generic_registration_only
41d6e46430b30d02335b4582ebf480957d512d4de13c37d09e74c80a6b810dc7,numerics/debroglie-phase-bridge/results/n1a_scan/n1a_alpha_0p5_t1/theta_0.03/matrices.npz,generic_registration_only
364b856f1da5f3048f1d49163b64590dfcae489cbb9c6700486983066bae2812,numerics/debroglie-phase-bridge/results/n1a_scan/n1a_alpha_0p5_t1/theta_0.035/matrices.npz,generic_registration_only
607ceb9012071ad6ed8c2ea954de66d9af58fc314d5101440174b1ea4b473a66,numerics/debroglie-phase-bridge/results/n1a_scan/n1a_alpha_0p5_t1/theta_0.04/matrices.npz,generic_registration_only
3f335285faebab0e3bca028b1bd75bb438b6213e82f0e54c54b3a28b282e63a2,numerics/debroglie-phase-bridge/results/n1a_scan/n1a_alpha_0p5_t1/theta_0.045/matrices.npz,generic_registration_only
3ce90f94e84eb09647295d9a17588b081b2fae3d667299a47b3025caeb19218f,numerics/debroglie-phase-bridge/results/n1a_scan/n1a_alpha_2p0_t1/theta_0.02/matrices.npz,generic_registration_only
cfc5b945dfebac01fc9de9e5d3fcd25383b2522acf210986ba58462b2f5d1a97,numerics/debroglie-phase-bridge/results/n1a_scan/n1a_alpha_2p0_t1/theta_0.026/matrices.npz,generic_registration_only
188f145c9cdf92baf64e31d01f7f6cca148bc4ddc3caa31189e7dfefdda72440,numerics/debroglie-phase-bridge/results/n1a_scan/n1a_alpha_2p0_t1/theta_0.03/matrices.npz,generic_registration_only
cb48ab6c38cd38095f32f802232fd019bf2267f0f4f6a6ee3b41b78665fabb68,numerics/debroglie-phase-bridge/results/n1a_scan/n1a_alpha_2p0_t1/theta_0.035/matrices.npz,generic_registration_only
b416623654fa23bfd02d49f1eb77b0fd06e4b36a73728efef65064a19c4f2a45,numerics/debroglie-phase-bridge/results/n1a_scan/n1a_alpha_2p0_t1/theta_0.04/matrices.npz,generic_registration_only
dfec2cb0ae60bcefb0999ba553ec6adfd2dbea99cf1d2e9f5d83b31c0ffa95aa,numerics/debroglie-phase-bridge/results/n1a_scan/n1a_alpha_2p0_t1/theta_0.045/matrices.npz,generic_registration_only
f69506579217f58bcb99292076cb9ef9d408f889fffca2a5f4d8a03d30f994ad,numerics/debroglie-phase-bridge/results/t1/.gitkeep,generic_registration_only
c72e850aac34aba39f30016e423f7247716574c0982b9fec81cc98099e18bae2,numerics/debroglie-phase-bridge/results/t1/k0_reference_theta_map/k0_theta_curves.npz,generic_registration_only
01f056c910790dd3d07d648272ef02e54f64b087b5ceca0714fc18409f32cb1d,numerics/debroglie-phase-bridge/results/t1/k0_vs_n0_theta/discrimination_zones.png,generic_registration_only
31cc0d7a6d06f8067200e89f91d82dc02e8298d2ec2db7611cc09b1f84755d65,numerics/debroglie-phase-bridge/results/t1/n0_theta_ensemble/n0_theta_curves.npz,generic_registration_only
e2c0e604159ce1f2184f1a2c209a0cdbc5eac360eeae55485fbd3fdb691f4e84,numerics/debroglie-phase-bridge/results/t1a/.gitkeep,generic_registration_only
dd086106278bd0d894654ba50bc01e4ed2330ffdcec49591e8aea6226a41762f,numerics/debroglie-phase-bridge/results/t1b/.gitkeep,generic_registration_only
e98ff72e869bcb09909356f26bed92642b7ec7a652677496a81dd07607799479,numerics/debroglie-phase-bridge/run_n1a_miniscan.sh,generic_registration_only
af1ca64c9190fc034ecb034f31a204a4984bbf2ba5caa039519fd545460cf9ed,numerics/debroglie-phase-bridge/scripts/bootstrap_m39a_family_full_audit.sh,generic_registration_only
d83befef058bb993e5d196098adda5214af114ec632769952810be7d7fa920eb,numerics/debroglie-phase-bridge/scripts/bootstrap_m39a_family_invariance_precheck.sh,generic_registration_only
cc6ed6d48a5f585c3e80cb0a9b6dfd9e6e35003ddd3aed66a151cecdf4da304c,numerics/debroglie-phase-bridge/typ_b_analysis/configs/bridge_minimal_model_v1.yaml,generic_registration_only
b7df567d834bad5162a0901ef02a624429abeea49f4d6735196d5c6002017053,numerics/debroglie-phase-bridge/typ_b_analysis/configs/config_bridge_carrier_block_c.yaml,generic_registration_only
e180307f811bb17ceaedcaad9fc2f085a44899f053869996fe80ed9f476dd586,numerics/debroglie-phase-bridge/typ_b_analysis/configs/config_bridge_carrier_block_d.yaml,generic_registration_only
c41c3fc62ffa738d09aa4d48a5af0849d1411ecd1bf7b0b275f556f3d7fb00b3,numerics/debroglie-phase-bridge/typ_b_analysis/configs/config_bridge_carrier_block_e.yaml,generic_registration_only
d6c6a7d4efc773ff12471c93c58675bce151fe1ce7725d0c20a6633118fe6770,numerics/debroglie-phase-bridge/typ_b_analysis/configs/config_bridge_carrier_leave_one_out.yaml,generic_registration_only
4e932327c41a63682a60d7dcf287ea455ad96dd86d195c6716dffac61eac2300,numerics/debroglie-phase-bridge/typ_b_analysis/configs/config_bridge_carrier_minimal_set_block_b.yaml,generic_registration_only
f56fb42f12f01de7406bf6d3ef03dc1acfdbdfd12cb1aed1fe8740a69fc375f1,numerics/debroglie-phase-bridge/typ_b_analysis/configs/debroglie_matter_signature_isotope_carbon_run_a.yaml,generic_registration_only
d16f34750526b520ebaf863646470a3d9a7c7c8da367dccba7d145792c0d16d0,numerics/debroglie-phase-bridge/typ_b_analysis/configs/debroglie_matter_signature_isotope_carbon_run_b.yaml,generic_registration_only
0819bbdf669289dda68895b6365fad46b6d8daef8bc0827ee39a6eef868c0ba5,numerics/debroglie-phase-bridge/typ_b_analysis/configs/debroglie_matter_signature_isotope_carbon_run_c.yaml,generic_registration_only
f81ac3dafec15266acd7dfbe1b15bc1ef22ff43348807eb106ef8168e2a3fc67,numerics/debroglie-phase-bridge/typ_b_analysis/configs/debroglie_matter_signature_isotope_run_a.yaml,generic_registration_only
db275191ad853d2beec55c1bbe38454377f0ae86cff018a279c115ad06a18c99,numerics/debroglie-phase-bridge/typ_b_analysis/configs/debroglie_matter_signature_isotope_run_b.yaml,generic_registration_only
051a90894ee913609d2f10377973feca1e74edf2a0498eb75831e98392f68cc8,numerics/debroglie-phase-bridge/typ_b_analysis/configs/debroglie_matter_signature_isotope_run_c.yaml,generic_registration_only
75876bf94d6f1286abbd4b49fc67077bf306351e54a9307e6d2408e3a3e9937c,numerics/debroglie-phase-bridge/typ_b_analysis/configs/debroglie_matter_signature_isotope_strontium_run_a.yaml,generic_registration_only
b7be6cc47579157d0148f9abe3faebae6707a1560b0fab69d1486cf44b885aca,numerics/debroglie-phase-bridge/typ_b_analysis/configs/debroglie_matter_signature_isotope_strontium_run_b.yaml,generic_registration_only
b7323229445be8f9071877e3fcd703d1e21e05ac56097bc6b6ce3fb1d38af7c7,numerics/debroglie-phase-bridge/typ_b_analysis/configs/debroglie_matter_signature_isotope_strontium_run_c.yaml,generic_registration_only
8d0d3fd89fbfaf83bc7eba8b4073fdcad7b782032d80a251fbdd7a812e9fb24d,numerics/debroglie-phase-bridge/typ_b_analysis/configs/debroglie_matter_signature_qc_run_a.yaml,generic_registration_only
a4e654e7f6affd243324e9b8917468bce846a0eb3a15aa6342df8b22040ff5c4,numerics/debroglie-phase-bridge/typ_b_analysis/configs/debroglie_matter_signature_qc_shell_run_a.yaml,generic_registration_only
d252ab0927c2ca36aa0636befef4337fb253686dbea2dbd7890d7ccea9b9982a,numerics/debroglie-phase-bridge/typ_b_analysis/configs/debroglie_matter_signature_qc_valence_run_a.yaml,generic_registration_only
a0641f4415d976a2a7ab576eaaa5af8c30da4c022a3eb6dbb4d2c418838d8bf4,numerics/debroglie-phase-bridge/typ_b_analysis/configs/debroglie_matter_signature_run_a.yaml,generic_registration_only
952434deb6f8e8df9b79a543179078f01334e06b24ece3755d4cd10d6dea2192,numerics/debroglie-phase-bridge/typ_b_analysis/configs/debroglie_matter_signature_run_b.yaml,generic_registration_only
323b10caf0ed3a3f192de09a97084d44057d554e8f145b6879306fe616efd1a5,numerics/debroglie-phase-bridge/typ_b_analysis/configs/debroglie_matter_signature_run_c.yaml,generic_registration_only
9001ad131bee9d6f0dfbec70eced4ea989a4fcc6d330e4b059d34aa0cb142579,numerics/debroglie-phase-bridge/typ_b_analysis/configs/debroglie_matter_signature_run_d.yaml,generic_registration_only
cf1929b9bd451a4a11e59afcb94fe55287a82d74da067139afe766290586c863,numerics/debroglie-phase-bridge/typ_b_analysis/configs/debroglie_matter_signature_vdw_run_a.yaml,generic_registration_only
a74fd79846db4fb57f1e9c087be6b587ad9f66ea8ebdce50739ae9b2e8fe44f2,numerics/debroglie-phase-bridge/typ_b_analysis/configs/debroglie_matter_signature_vdw_run_b.yaml,generic_registration_only
edc6720942834c03291820ea825a99cdf699c73785a25802dbbcf11c39ec3779,numerics/debroglie-phase-bridge/typ_b_analysis/configs/debroglie_matter_signature_vdw_run_c.yaml,generic_registration_only
1b43d7623a493df6e6ea7c196571d436720f282cb29c016b76b476853e2ce14d,numerics/debroglie-phase-bridge/typ_b_analysis/configs/h3/h3_package_hierarchy_check_01.yaml,generic_registration_only
bd7810b26860e1fbd6c0692cc15d1cb4dd38dcb062c6856b6c0d33a1a7589e77,numerics/debroglie-phase-bridge/typ_b_analysis/configs/h3/h3_precheck_01.yaml,generic_registration_only
a3fa77fa95b89d734d55a92a29cc0a99de33d2d1f8b928d9d1a96c7613815c69,numerics/debroglie-phase-bridge/typ_b_analysis/configs/h3/h3_readiness_uplift_01.yaml,generic_registration_only
5aa801b77f761b415a8242526a7cb9cea0041931d7d1a34333f38a642007ae66,numerics/debroglie-phase-bridge/typ_b_analysis/configs/h3/h3_support_probe_01.yaml,generic_registration_only
c2cb428e2a10fbd23347139ec19d46d4c35059368da06705af15084b7c2256cf,numerics/debroglie-phase-bridge/typ_b_analysis/configs/h3/h3_support_side_by_side_probe_01.yaml,generic_registration_only
00b79fbb08536ce50adaa30fccb3cc92784c7921a7846eb8cfce2d62b338eabe,numerics/debroglie-phase-bridge/typ_b_analysis/configs/h3_d1_d2_divergence.yaml,generic_registration_only
c1364fe66e965e3fce6ac376328c3b773c381fec9988bbe83ea56b24c07c414f,numerics/debroglie-phase-bridge/typ_b_analysis/configs/h3_mixed_like_sensitivity.yaml,generic_registration_only
7d149e4f48a9c11f931956b0796e851506b0c405f0be989391950f80f14d1c6b,numerics/debroglie-phase-bridge/typ_b_analysis/configs/h3_support_manipulation_design_01.yaml,generic_registration_only
2025ee92262fba92d17171d82aa852cd1679107331a961b821399f3dccc74eff,numerics/debroglie-phase-bridge/typ_b_analysis/configs/n1_a1_b1_decoupling_v1.yaml,generic_registration_only
204a4b409dae338aa32baedd169e39d7ac5758b3f7e4058b45f3e031244ed2c3,numerics/debroglie-phase-bridge/typ_b_analysis/configs/n1_alt_neighborhood_v1.yaml,generic_registration_only
f908cb64a2dca4f81c0d45186b49e80d320fac035cb242466fb86f8288a1e522,numerics/debroglie-phase-bridge/typ_b_analysis/configs/n1_alt_neighborhood_v2.yaml,generic_registration_only
7c136f089481628bdfb9623d0311475b26b0224c671bf3b29169ba891e682685,numerics/debroglie-phase-bridge/typ_b_analysis/configs/n1_alt_neighborhood_v22.yaml,generic_registration_only
63449a9723e37cc57b653c515032afe801d608218311503206ee59f0de1d17db,numerics/debroglie-phase-bridge/typ_b_analysis/configs/n1_exportclass_nullmodel_v1.yaml,generic_registration_only
fb2dde7045e92f533d190c894c63cd383bf32fbe62478e8f3e3a684c19d960b8,numerics/debroglie-phase-bridge/typ_b_analysis/configs/n1_negative_vs_abs_markers_v1.yaml,generic_registration_only
e1710891f7f08f356334f64847d5c8096e68f1227d04f92629d88f4aab8e0f59,numerics/debroglie-phase-bridge/typ_b_analysis/configs/n1_negative_vs_abs_v1.yaml,generic_registration_only
2be312e5a8f75509a63085c74139d346fe576b4b07872acfa867b17915249e74,numerics/debroglie-phase-bridge/typ_b_analysis/data/config.yaml,generic_registration_only
5b00fc798fec239ef28ec931e0882d0ff0fe11e8ba32600385492b9576b990fe,numerics/debroglie-phase-bridge/typ_b_analysis/data/config_holdout.yaml,generic_registration_only
abb34fee4c2f9630ed6577a3df249256ec3346520796ef5c3cea910c8aef0b23,numerics/debroglie-phase-bridge/typ_b_analysis/data/config_v2.yaml,generic_registration_only
14083a4d8eca1d38eecd9d32b631eeeac20a12a8de22976b414f3e2575f2d872,numerics/debroglie-phase-bridge/typ_b_analysis/docs/project_overview/Projektbericht_Gravitation_RaumZeit_Stand_2026-04-03.docx,generic_registration_only
91ad05ae581811f26d96cb78eccd9eca75b24aeaaa561adea546667a505aad74,numerics/debroglie-phase-bridge/typ_b_analysis/docs/project_overview/Projektbericht_Gravitation_RaumZeit_Stand_2026-04-03.pdf,generic_registration_only
fcf32743ca254917f9c8c67e70ad3e8a870f2c431f32512c4aee51f6a5538dea,scripts/inventory_numerics_cleanup.sh,generic_registration_only
efacfef9c98547477176cf81ffe8611a62ec903ddf3f24b2a59ea8327ad04110,scripts/qsb_bridge_synth_check.sh,generic_registration_only
76849f30966c9e8ebe322a7d4209df20633007657560d27953ceaa77200d12bb,scripts/qsb_metadata_server/install_user_service.sh,generic_registration_only
d1ddd1b62583deb8ed6a941a9e942f12c662f74ee8f655b49c4e2af9137b59a5,scripts/qsb_metadata_server/qsb-metadata-server.service.example,generic_registration_only
a14ecef2d3e6b60151997663aad393353d18b6cc4ce39c63f6e22ae2b9ba2df5,scripts/repo_sanity_check.sh,generic_registration_only
5536205648d8f886fa82e8fa0c42623c1d894b020f26b4f8a127253317fc2fee,scripts/run_bmc01_matrix.sh,generic_registration_only
0b260f9b793fdfbaa4f74c3a5ccca92097e208848fa3ba45c00bad9871426b0d,scripts/run_bmc01_sx_ladder.sh,generic_registration_only
889a5423c3ede5d21ccada81ddef998fa1e9570e158f5570ea4a5d5f9356e94a,scripts/run_bmc04_v3_1_seed_series.sh,generic_registration_only
3f18f3bc8a94b68194c4eef6c18df279d1554da181cf55410270946f74c157f0,scripts/run_bmc07_minimal_readouts_open.sh,generic_registration_only
1e3874e199c924cdb1b3150f19324238132d93e023e0caf1040f61330dfca0d1,scripts/run_bmc08a_realdata_open.sh,generic_registration_only
7a4ed20ab1b916d4f8f8e50737ab7f57c387e508c3393628cca108325eff2406,scripts/run_bmc08b_realdata_open.sh,generic_registration_only
1acab67563c80e289498ef073ff652b906886af6eae3cc8bdb5f49619df7be10,scripts/run_bmc09a_realdata_open.sh,generic_registration_only
3c8b5ecbfbbb97b384436bb17f9264f5e4f4961dd89f92f60823f9410bfb64c5,scripts/run_bms_fu02g4c_remaining_chunks.sh,generic_registration_only
fd79d8850f80b4aeab50878e22e57432697b4029e84b60d0ac633d2509dc4556,scripts/sqlite_tkinter_crud_app/data/app.log,generic_registration_only
fb7b2274fb56fc27de4116ef339b5dc68967090eb607e9b7dbfdf0861233a38e,scripts/sqlite_tkinter_crud_app/resources/exhibits/causality_07_ergebnisse_und_grenzen.png,generic_registration_only
eedc4b941d26a51fd7308ac10789582a756aab7851ab317eb6e0d2e00f838a86,scripts/sqlite_tkinter_crud_app/resources/exhibits/causality_07_offene_fragen.png,generic_registration_only
1e33f8d7f94199e25dbf10d4dfca65538edc260cccd9f114e3640552664f0642,scripts/sqlite_tkinter_crud_app/resources/exhibits/causality_07_physikalische_groessen.png,generic_registration_only
841e74f2fcc31f645da93e5cb1ef3e8c5218e8a7411235993a743251696af6a6,scripts/sqlite_tkinter_crud_app/resources/exhibits/causality_07_reaktionszyklus.png,generic_registration_only
25f730837e87fc7e93773605ba143502fc0c96b6fd6204231e70bc48f4bb4e12,scripts/sqlite_tkinter_crud_app/resources/exhibits/causality_07_zyklus_und_kontrolllaeufe.png,generic_registration_only
26746452d3e4648bfb10492ce918e0e460daf2758513c4eb65b15afdf0910add,scripts/sqlite_tkinter_crud_app/resources/qsb_causality07_exhibition_overview.png,generic_registration_only
